Country,1970,1971,1972,1973,1974,1975,1976,1977,1978,1979,1980,1981,1982,1983,1984,1985,1986,1987,1988,1989,1990,1991,1992,1993,1994,1995,1996,1997,1998,1999,2000,2001,2002,2003,2004,2005,2006,2007,2008,2009,2010,2011,2012,2013,2014,2015,2016,2017,2018,2019,2020,2021,2022,2023,2024,2025,2026,2027,2028,2029
afghanistan,"1,749","1,831","1,596","1,733","2,156","2,367","2,556","2,953","3,300","3,698",NA,NA,NA,NA,NA,NA,NA,NA,NA,NA,NA,NA,NA,NA,NA,NA,NA,NA,NA,NA,NA,NA,"4,367","4,553","5,146","6,167","6,925","8,556","10,297","12,066","15,325","17,890","20,293","20,170","20,616","20,057","18,020","18,883","18,336","18,876","20,136","14,278","14,501","17,248","17,248","17,248","17,248","17,248","17,248","17,248"
albania,"2,266","2,331","2,398","2,467","2,537","2,610","2,686","2,761","2,842","2,372","1,969","2,256","2,323","2,347","2,317","2,366","2,617","2,597","2,560","2,812","2,247","1,349",853,"1,478","2,389","2,916","3,238","2,251","2,585","3,264","3,529","3,974","4,408","5,628","7,263","8,148","9,002","10,804","13,035","12,187","12,079","13,052","12,470","12,936","13,404","11,525","12,003","13,209","15,337","15,582","15,271","18,086","19,185","23,388","27,259","28,372","29,743","31,382","33,354","35,462"
algeria,"5,167","5,376","7,193","9,250","13,290","15,591","17,790","21,038","26,433","33,276","45,957","48,156","48,599","51,582","55,906","66,346","66,783","68,698","56,070","57,041","67,171","50,650","53,414","55,309","46,044","45,654","50,945","52,287","52,297","53,011","59,418","59,413","61,516","73,482","91,914","107,047","123,084","142,483","180,384","150,317","177,785","218,332","227,144","229,701","238,943","187,494","180,764","190,004","194,507","193,361","164,774","185,850","225,709","247,789","264,913","268,885","269,435","274,520","279,983","285,271"
andorra,99,113,144,191,236,279,288,321,390,521,NA,NA,NA,NA,NA,NA,NA,NA,NA,NA,NA,NA,NA,NA,NA,NA,NA,NA,NA,NA,"1,429","1,547","1,758","2,362","2,896","3,158","3,456","3,952","4,082","3,675","3,446","3,625","3,189","3,193","3,267","2,789","2,895","2,993","3,217","3,155","2,885","3,325","3,376","3,786","4,038","4,035","4,169","4,301","4,438","4,583"
angola,"3,807","4,007","4,102","5,016","5,627","4,147","3,981","4,344","4,845","5,380","8,730","8,170","8,170","8,514","9,025","11,119","10,411","11,900","12,909","15,017","16,529","16,022","12,354","8,966","6,529","8,148","10,510","12,344","10,464","9,895","12,646","12,378","17,312","20,342","26,998","41,397","58,654","73,038","98,790","81,705","95,547","125,552","143,573","153,761","164,448","131,661","114,764","139,835","114,189","94,671","66,521","84,375","142,442","109,764","115,946","113,343","109,384","112,743","118,534","125,036"
antigua and barbuda,34,41,56,78,84,85,71,81,92,113,132,149,166,185,212,246,298,347,411,455,479,504,525,566,625,616,679,734,790,836,901,878,898,948,"1,026","1,144","1,304","1,487","1,558","1,387","1,298","1,287","1,365","1,325","1,379","1,437","1,490","1,535","1,662","1,726","1,412","1,602","1,867","2,006","2,225","2,373","2,493","2,606","2,723","2,846"
argentina,"33,985","40,655","37,908","41,468","47,637","51,741","54,575","61,662","63,865","73,987","233,696","189,802","94,250","116,267","130,544","98,599","118,565","121,561","142,386","91,352","158,024","211,979","255,787","264,429","287,835","288,497","304,282","327,436","334,244","316,998","317,759","300,421","112,458","142,431","164,911","199,273","232,892","287,921","363,545","334,633","424,729","527,644","579,666","611,471","563,614","642,464","556,774","643,861","524,431","446,762","385,218","486,040","632,318","645,511","632,145","683,533","715,376","715,766","712,668","738,395"
armenia,NA,NA,NA,NA,NA,NA,NA,NA,NA,NA,NA,NA,NA,NA,NA,NA,NA,NA,NA,NA,NA,NA,108,835,648,"1,287","1,597","1,639","1,892","1,845","1,912","2,118","2,376","2,807","3,577","4,900","6,384","9,206","11,662","8,648","9,260","10,142","10,619","11,121","11,610","10,553","10,546","11,527","12,458","13,619","12,642","13,879","19,514","24,086","25,533","26,258","26,681","27,893","29,523","31,388"
aruba,177,186,196,206,217,229,241,254,268,282,NA,NA,NA,NA,NA,NA,NA,NA,NA,NA,NA,NA,NA,NA,NA,"1,321","1,380","1,532","1,665","1,723","1,873","1,896","1,962","2,044","2,255","2,360","2,470","2,678","2,843","2,554","2,454","2,638","2,615","2,728","2,791","2,963","2,984","3,092","3,276","3,341","2,486","2,929","3,279","3,649","3,952","4,100","4,286","4,481","4,643","4,797"
australia,"45,121","50,360","59,269","85,621","102,047","108,853","117,298","116,222","135,608","150,133","162,924","188,410","187,049","179,478","197,136","174,385","181,477","213,100","271,088","308,402","324,128","324,436","318,005","309,303","353,372","379,227","424,663","426,401","381,498","411,968","400,278","378,114","425,516","541,155","658,742","736,505","783,447","950,093","1,056,559","1,000,828","1,254,623","1,515,507","1,570,139","1,519,900","1,456,939","1,233,921","1,262,655","1,381,110","1,417,162","1,386,277","1,362,613","1,655,843","1,725,461","1,742,461","1,796,805","1,771,681","1,841,002","1,914,821","1,995,441","2,083,608"
austria,"15,336","17,816","22,007","29,444","35,104","39,962","42,856","51,423","61,901","73,763","80,481","69,738","69,727","70,644","66,640","68,248","96,842","121,104","132,860","132,534","165,953","173,481","194,436","189,342","202,854","239,914","236,044","211,978","217,363","216,637","196,268","196,479","212,687","260,714","299,075","314,126","333,924","386,806","429,187","398,857","390,146","428,879","407,008","426,587","438,669","379,584","393,579","414,780","452,787","443,033","434,050","480,786","472,339","512,509","521,269","534,301","551,918","572,442","591,248","609,827"
azerbaijan,NA,NA,NA,NA,NA,NA,NA,NA,NA,NA,NA,NA,NA,NA,NA,NA,NA,NA,NA,NA,NA,NA,"1,193","1,309","2,258","2,417","3,177","4,317","4,280","4,581","5,273","5,475","6,232","7,276","8,682","13,239","20,983","33,050","48,852","44,297","52,909","65,952","69,684","74,164","75,235","52,997","37,830","41,375","47,113","48,174","42,693","54,825","78,807","72,428","74,316","78,870","81,872","85,792","90,327","95,373"
bahamas,568,605,624,708,756,892,971,"1,162","1,336","1,579","2,598","2,692","3,031","3,373","3,603","3,923","4,241","4,669","4,855","5,473","5,218","5,128","5,125","5,097","5,372","5,653","5,950","6,332","6,833","7,684","8,076","8,318","8,881","8,870","9,055","9,836","10,167","10,618","10,526","9,982","10,096","10,070","10,720","10,396","10,974","11,672","11,745","12,237","12,616","13,016","9,958","11,369","13,136","14,338","14,761","15,178","15,636","16,153","16,703","17,280"
bahrain,422,455,576,820,"1,123","1,185","1,705","2,144","2,449","2,920","3,745","4,228","4,445","4,554","4,727","4,460","3,490","3,780","4,672","4,873","5,176","5,430","5,673","6,241","6,683","7,075","7,357","7,629","7,293","7,905","9,448","9,579","10,001","11,546","13,709","16,647","19,291","22,653","26,803","23,913","26,806","29,915","31,963","33,823","34,773","32,523","33,885","37,205","39,568","40,447","35,838","40,840","46,458","46,192","46,943","47,829","49,628","52,050","54,672","57,428"
bangladesh,"6,196","5,578","6,215","6,772","8,088","8,476","9,447","9,950","12,751","14,758","24,775","26,355","24,678","23,904","26,817","28,819","29,639","32,449","34,914","38,070","41,068","42,488","43,292","43,684","46,438","51,842","55,445","57,599","59,879","61,526","61,687","62,537","65,036","71,755","77,152","79,530","86,028","95,374","109,765","122,760","138,094","154,097","159,749","179,676","207,102","233,687","265,236","293,755","321,379","351,238","373,902","416,265","460,201","451,534","451,096","467,218","513,121","557,136","606,807","672,750"
barbados,216,243,278,339,405,476,517,588,658,798,"1,048","1,154","1,205","1,280","1,395","1,460","1,603","1,765","1,877","2,077","2,084","2,092","2,015","2,136","2,227","2,348","2,515","2,667","3,057","3,210","3,312","3,306","3,364","3,479","3,754","4,213","4,702","5,273","5,401","5,064","5,138","5,302","5,233","5,338","5,366","5,288","5,331","5,517","5,630","5,788","5,168","5,275","6,257","6,721","7,167","7,552","7,942","8,341","8,755","9,190"
belarus,NA,NA,NA,NA,NA,NA,NA,NA,NA,NA,NA,NA,NA,NA,NA,NA,NA,NA,NA,NA,NA,NA,"12,800","11,408","15,687","10,532","14,494","14,091","15,215","12,133","10,785","12,778","15,092","18,420","23,928","31,239","38,219","46,815","62,798","50,855","57,220","61,368","65,669","75,496","78,736","56,329","47,703","54,723","60,011","64,414","61,312","68,207","73,735","71,792","71,180","71,561","74,691","77,757","81,144","84,515"
belgium,"26,850","29,982","37,409","47,999","56,334","66,028","71,495","83,282","101,793","116,940","123,479","102,245","89,959","85,037","81,237","84,468","117,063","145,412","158,098","159,817","200,150","205,370","228,733","218,721","238,623","288,302","279,292","253,022","258,876","258,503","236,897","236,748","258,200","318,004","369,047","385,927","408,281","470,978","517,271","484,488","481,949","527,106","498,731","524,106","538,127","461,091","474,141","500,733","542,885","536,787","529,269","598,892","593,906","644,968","664,965","684,864","706,834","725,385","746,660","768,493"
belize,25,32,42,68,90,104,82,106,121,141,229,238,238,251,280,278,303,354,418,482,547,597,696,753,772,819,851,873,929,"1,000","1,139","1,173","1,245","1,309","1,401","1,475","1,591","1,707","1,739","1,688","1,746","1,827","1,909","2,033","2,138","2,193","2,240","2,266","2,293","2,388","2,043","2,421","2,847","3,067","3,427","3,611","3,755","3,893","4,029","4,165"
benin,322,342,421,516,554,674,718,786,954,"1,162","2,302","1,557","1,542","1,365","1,456","1,580","2,036","2,430","2,552","2,370","2,890","2,954","3,284","3,199","2,227","2,993","3,251","3,124","3,362","3,681","3,522","3,666","4,191","5,348","6,187","6,571","7,034","8,170","9,787","9,728","9,543","10,691","11,148","12,518","13,288","11,389","11,818","12,697","14,257","14,392","15,674","17,699","17,439","19,679","21,249","22,236","24,067","26,048","28,152","30,451"
bhutan,62,66,70,79,93,87,88,98,94,105,132,143,150,162,168,174,197,238,273,272,293,254,248,260,263,308,324,362,398,418,454,474,517,616,700,818,876,"1,071","1,353","1,274","1,528","1,880","1,967","1,999","1,963","2,159","2,252","2,462","2,651","2,618","2,586","2,623","2,869","2,923","3,092","3,422","3,802","4,157","4,563","5,071"
bolivia,"1,010","1,094","1,279","1,249","2,099","2,399","2,749","2,765","3,020","3,274","3,589","3,440","3,813","3,609","3,752","4,059","3,970","4,323","4,598","4,716","4,868","5,335","5,635","5,724","5,974","6,707","7,385","7,919","8,490","8,269","8,385","8,155","7,917","8,092","8,785","9,573","11,520","13,216","16,792","17,464","19,786","24,135","27,282","30,883","33,237","33,241","34,189","37,782","40,581","41,193","36,897","40,701","44,329","45,464","48,404","56,339","65,851","65,851","65,851","65,851"
bosnia and herzegovina,NA,NA,NA,NA,NA,NA,NA,NA,NA,NA,NA,NA,NA,NA,NA,NA,NA,NA,NA,NA,NA,NA,NA,NA,NA,NA,"3,584","4,578","5,281","5,766","5,568","5,801","6,728","8,499","10,157","11,223","12,865","15,779","19,113","17,614","17,176","18,644","17,227","18,179","18,559","16,404","17,117","18,326","20,484","20,483","20,226","23,673","24,535","27,592","28,795","28,807","30,214","31,730","33,328","35,019"
botswana,67,88,115,169,236,274,297,383,456,595,"1,174","1,037","1,094","1,208","1,200","1,117","1,515","2,374","3,082","3,441","3,799","3,802","3,928","3,957","4,258","4,805","4,926","5,011","4,808","5,413","5,682","5,460","5,395","7,469","8,819","9,833","9,919","10,566","10,731","10,118","12,637","15,111","13,907","14,272","15,470","13,531","15,083","16,105","17,032","16,696","14,930","18,750","20,321","19,411","19,356","19,400","20,951","22,347","24,148","26,371"
brazil,"35,214","39,332","50,624","71,673","91,888","108,051","127,741","148,672","168,803","186,095","145,819","167,583","179,166","143,652","142,957","226,938","263,256","286,539","320,105","439,434","455,335","399,249","382,465","429,184","546,764","770,860","851,146","883,862","864,307","599,642","655,454","559,982","509,798","558,232","669,290","891,633","1,107,628","1,397,114","1,695,855","1,669,204","2,208,704","2,614,027","2,464,053","2,471,718","2,456,055","1,800,046","1,796,622","2,063,519","1,916,934","1,873,286","1,476,092","1,670,650","1,951,849","2,191,137","2,171,337","2,125,958","2,186,983","2,297,360","2,414,121","2,542,873"
brunei,225,248,340,544,"1,348","1,467","1,787","2,176","2,439","3,522",NA,NA,NA,NA,NA,"5,470","3,727","4,384","4,177","4,652","5,574","5,949","6,256","6,327","6,795","8,098","8,156","7,974","6,061","6,544","6,650","6,206","6,475","7,266","8,723","10,561","12,710","13,571","15,949","11,892","13,707","18,525","19,048","18,094","17,098","12,930","11,400","12,128","13,567","13,469","12,006","14,006","16,682","15,095","15,463","16,007","16,656","17,532","18,434","19,636"
bulgaria,"9,000","8,897","10,407","12,409","13,495","11,908","12,625","12,908","13,982","9,408","37,751","40,718","42,467","43,641","46,358","39,692","35,130","40,721","66,546","67,774","29,882","2,928","11,882","6,449","11,338","18,992","12,295","11,317","15,031","13,628","13,246","14,183","16,403","21,146","26,158","29,868","34,380","44,432","54,476","52,024","50,690","57,682","54,297","55,820","57,081","50,766","53,929","59,288","66,318","68,639","70,658","84,477","90,719","102,434","112,232","117,007","123,066","129,562","136,128","143,103"
burkina faso,450,459,587,679,748,890,853,"1,031","1,328","1,782","2,386","2,076","1,934","1,767","1,579","1,746","2,290","2,665","2,942","2,942","3,488","3,526","3,775","3,599","2,164","2,676","2,909","2,753","3,155","3,388","2,961","3,190","3,620","4,740","5,449","6,150","6,548","7,627","9,450","9,440","10,118","12,078","12,569","13,444","13,947","11,833","12,829","14,094","15,916","16,092","17,837","19,747","19,588","21,181","23,975","27,056","29,624","31,525","33,834","36,393"
burundi,245,252,246,305,346,414,456,542,612,791,951,989,"1,045","1,106","1,005","1,170","1,233","1,161","1,088","1,131","1,131","1,167","1,082",938,924,"1,000",868,972,893,866,870,877,825,785,915,"1,117","1,273","1,356","1,612","1,775","2,032","2,236","2,333","2,456","2,706","3,104","2,960","3,172","3,037","3,009","3,089","3,356","3,922","4,246","4,743","6,745","8,419","9,244","9,738","9,917"
cape verde,64,72,82,101,101,118,110,103,119,127,157,187,149,144,146,164,212,264,322,332,413,443,479,431,450,570,611,609,648,693,699,791,867,"1,105","1,263","1,395","1,452","1,650","1,960","1,852","1,825","2,047","1,913","2,029","2,042","1,750","1,850","1,997","2,205","2,251","1,831","2,053","2,309","2,588","2,726","2,786","2,979","3,190","3,410","3,647"
cambodia,774,776,800,710,711,746,799,738,806,768,NA,NA,NA,NA,NA,NA,205,141,276,346,898,"2,007","2,435","2,422","2,760","3,430","3,509","3,462","3,132","3,522","3,707","4,154","4,507","5,054","5,879","7,058","8,342","10,117","12,162","12,490","13,796","16,017","17,829","19,806","22,040","24,217","26,591","29,394","33,181","36,682","34,898","36,797","39,838","43,304","47,328","49,799","53,055","56,857","61,248","66,025"
cameroon,"1,157","1,297","1,673","2,272","2,427","3,187","3,473","4,062","5,347","7,116","8,850","10,026","9,616","9,692","10,243","10,698","13,945","16,152","16,403","14,626","14,641","16,325","14,963","15,611","10,622","10,075","11,227","11,352","11,338","11,553","10,245","10,950","12,369","15,944","18,803","19,534","20,912","23,931","27,712","27,903","27,530","30,626","30,174","33,729","36,396","32,213","33,805","36,086","39,992","39,673","40,863","45,036","44,442","49,283","52,784","56,011","60,213","64,485","69,281","74,447"
canada,"86,303","97,475","111,031","128,945","157,498","170,692","202,829","207,789","214,677","238,664","276,064","307,246","314,639","341,863","356,728","366,184","379,015","433,140","509,380","567,225","596,089","612,514","594,376","579,059","579,913","605,941","630,598","655,010","634,004","678,417","744,631","738,968","760,149","895,599","1,026,473","1,173,505","1,319,356","1,468,896","1,552,864","1,376,509","1,617,345","1,793,327","1,828,362","1,846,595","1,805,751","1,556,508","1,527,996","1,649,266","1,725,300","1,743,725","1,655,685","2,022,382","2,190,411","2,173,340","2,241,253","2,225,341","2,332,563","2,435,529","2,542,339","2,657,894"
central african republic,264,281,321,378,392,528,629,708,852,977,714,743,719,690,670,883,"1,158","1,275","1,372","1,354","1,572","1,498","1,494","1,309",858,"1,117","1,000",979,"1,036","1,039",868,899,983,"1,188","1,310","1,413","1,538","1,755","2,033","2,059","2,141","2,435","2,512","1,692","1,896","1,696","1,825","2,072","2,280","2,279","2,389","2,585","2,460","2,602","2,831","2,932","3,187","3,547","3,764","4,010"
chad,414,452,469,521,607,876,823,832,991,894,958,"1,133","1,095","1,096","1,177","1,275","1,570","1,780","2,081","1,966","2,369","2,347","2,446","2,138","1,732","2,123","2,360","2,268","2,561","2,256","2,039","2,512","2,928","4,025","6,490","8,660","9,710","10,867","13,384","12,304","14,070","16,682","17,904","17,866","18,149","14,561","13,023","13,344","15,334","14,906","14,954","16,881","17,867","18,343","19,078","18,792","19,732","20,675","21,769","22,898"
chile,"9,559","11,443","12,354","17,611","17,069","7,941","10,843","14,699","16,940","22,806","29,032","34,374","25,630","20,819","20,246","17,360","18,662","22,010","25,947","29,889","33,231","38,249","46,597","49,855","57,517","74,119","78,575","85,730","81,996","75,596","78,250","71,517","70,295","76,508","99,079","122,315","153,840","172,565","179,663","171,794","217,105","251,225","267,165","277,218","259,394","242,515","249,306","276,357","295,428","278,040","254,060","315,411","301,270","335,627","330,210","343,823","357,690","373,212","389,242","405,801"
china,"91,039","98,059","111,589","136,071","141,529","160,340","150,854","171,467","214,160","263,190","303,550","289,215","285,139","306,013","314,832","310,709","301,471","328,305","409,363","458,985","397,359","415,946","495,515","621,918","566,297","737,654","868,770","967,886","1,035,510","1,101,134","1,220,337","1,351,372","1,486,618","1,680,942","1,978,937","2,325,515","2,797,286","3,612,210","4,653,314","5,176,180","6,138,992","7,624,861","8,682,939","9,782,784","10,701,415","11,307,226","11,448,003","12,503,299","14,110,963","14,572,410","15,103,357","18,190,803","18,307,816","18,270,351","18,748,009","19,231,705","20,375,858","21,706,811","23,102,978","24,454,647"
colombia,"10,193","11,062","12,282","14,531","17,462","18,508","21,674","27,519","32,864","39,497","46,501","50,661","54,252","53,920","53,257","48,581","48,648","50,640","54,592","55,048","56,071","57,954","68,579","77,721","97,665","110,564","116,130","127,490","117,725","103,132","99,270","97,606","97,353","94,072","116,382","145,600","161,793","206,230","242,504","232,469","286,499","334,966","370,692","382,094","381,241","293,493","282,720","311,890","334,124","323,055","270,348","318,525","345,632","366,292","418,542","427,766","445,650","466,154","488,083","510,905"
comoros,20,22,26,34,39,60,59,65,85,113,243,213,202,196,189,192,258,313,336,329,402,401,437,428,315,393,392,363,364,372,340,373,427,547,622,656,689,796,916,904,909,"1,023","1,016","1,116","1,150",966,"1,013","1,077","1,179","1,188","1,218","1,273","1,223","1,335","1,456","1,548","1,653","1,754","1,857","1,966"
democratic republic of the congo,"3,000","3,353","3,701","4,719","5,754","6,138","5,786","7,401","10,507","10,297","68,606","59,726","64,939","52,378","34,951","31,943","35,840","33,932","39,314","40,006","41,448","40,250","36,333","47,450","25,746","25,021","32,099","28,819","21,089","19,147","19,077","7,246","8,720","9,022","10,275","12,720","15,403","18,598","22,665","18,626","22,340","26,406","30,074","34,908","38,355","40,154","38,086","39,461","48,037","50,891","49,613","55,327","63,324","64,402","71,011","79,119","84,848","90,631","97,106","103,903"
republic of the congo,262,300,360,480,580,683,709,707,879,"1,194","2,165","1,775","1,548","1,407","1,294","1,327","1,815","2,205","2,346","2,478","2,909","3,035","3,280","3,004","2,068","2,457","2,840","2,568","2,240","2,646","3,624","3,038","3,330","3,863","5,101","6,654","8,073","8,784","11,649","9,713","13,159","15,653","17,704","17,959","17,918","11,891","10,928","11,830","14,781","13,977","11,485","13,387","13,967","14,169","14,893","15,281","16,190","17,290","18,528","19,846"
costa rica,"1,251","1,369","1,573","1,943","2,118","2,492","3,065","3,904","4,477","5,127","4,854","2,636","2,619","3,162","3,678","3,941","4,425","4,554","4,636","5,250","5,737","7,197","8,566","9,586","10,489","11,578","11,683","12,618","13,688","14,259","15,016","15,979","16,584","17,277","18,615","20,049","22,717","26,885","30,802","30,746","37,656","42,762","47,231","50,949","52,017","56,442","58,847","60,517","62,422","64,412","62,382","64,954","69,235","86,509","95,365","102,591","108,600","115,153","122,141","129,377"
ivory coast,"1,501","1,597","1,872","2,540","3,070","3,894","4,662","6,265","7,901","9,142","13,877","11,502","10,320","9,312","9,284","9,470","12,675","13,944","14,092","13,487","14,923","14,504","15,416","15,268","11,492","15,205","16,780","16,203","17,433","17,114","14,851","15,485","17,148","21,206","22,924","23,626","24,628","28,158","33,621","33,693","34,431","35,529","37,030","43,228","48,882","45,815","48,408","52,512","58,522","60,383","63,119","72,833","71,075","79,630","87,096","94,483","103,102","111,880","121,578","132,669"
croatia,NA,NA,NA,NA,NA,NA,NA,NA,NA,NA,NA,NA,NA,NA,NA,NA,NA,NA,NA,NA,NA,NA,568,"7,358","16,669","20,657","22,104","22,101","23,971","23,593","22,145","23,067","26,739","35,239","41,820","45,035","49,593","59,303","68,469","62,255","59,032","62,889","57,585","59,854","59,628","51,012","52,640","56,166","61,694","61,472","57,919","69,055","71,260","84,416","92,506","98,951","104,903","109,941","115,255","120,670"
cyprus,569,666,810,986,873,728,842,"1,073","1,404","1,840","2,314","2,242","2,319","2,321","2,447","2,611","3,317","3,979","4,589","4,901","6,003","6,195","7,424","7,098","8,004","9,937","10,016","9,544","10,251","10,502","9,988","10,397","11,422","14,552","17,328","18,713","20,422","24,082","27,955","26,020","25,821","27,637","25,063","23,960","23,232","19,911","21,041","22,938","25,766","26,200","25,535","30,393","31,001","33,897","36,156","38,736","40,629","42,439","44,334","46,381"
czech republic,NA,NA,NA,NA,NA,NA,NA,NA,NA,NA,NA,NA,NA,NA,NA,NA,NA,NA,NA,NA,NA,NA,NA,NA,NA,"60,565","67,805","62,530","67,161","65,586","62,171","68,136","82,596","100,471","120,148","137,264","156,236","189,845","236,820","207,095","211,169","231,429","210,363","213,024","210,911","189,108","198,161","221,564","251,992","256,794","251,110","290,973","301,831","343,207","344,931","360,244","376,684","390,799","406,038","422,083"
denmark,"16,591","18,515","22,591","29,962","33,347","39,594","43,676","48,855","59,296","69,161","70,811","61,460","60,084","60,331","58,869","62,452","87,749","109,183","115,540","112,312","138,219","139,182","152,966","143,110","156,019","184,850","187,482","173,242","176,876","177,887","164,043","164,881","178,788","218,422","251,988","265,150","283,387","320,213","354,977","322,621","322,346","344,316","326,793","344,631","352,833","301,759","312,182","331,611","355,293","345,402","355,631","408,378","401,946","407,092","429,458","449,940","473,665","493,376","512,752","533,284"
djibouti,66,75,90,112,141,157,187,201,221,264,NA,NA,NA,NA,NA,NA,NA,NA,NA,NA,NA,650,672,655,691,699,694,706,722,759,781,811,837,882,936,996,"1,080","1,191","1,382","1,426","1,544","1,740","1,901","2,044","2,221","2,424","2,605","2,763","2,913","3,089","3,144","3,393","3,563","3,917","4,257","4,587","4,959","5,335","5,745","6,126"
dominica,23,26,28,32,38,40,39,44,54,53,73,82,90,99,109,119,135,152,171,185,201,220,234,246,264,275,292,303,322,332,333,340,333,343,367,364,390,421,458,489,494,501,486,498,520,541,576,522,555,612,504,555,607,654,697,742,782,821,860,899
dominican republic,"1,832","2,055","2,451","2,892","3,609","4,439","4,874","5,658","5,839","6,782","8,672","9,698","9,141","9,461","14,870","6,496","7,891","8,305","7,605","8,589","7,995","9,887","11,605","13,081","14,645","16,637","18,242","20,017","21,672","22,137","24,306","25,602","27,249","21,518","22,506","35,948","37,998","44,067","48,174","48,281","53,862","58,006","60,627","62,631","67,098","71,056","75,625","79,153","85,068","89,237","78,625","95,067","113,813","120,794","124,613","127,828","135,112","144,828","155,291","166,422"
ecuador,"1,762","1,686","1,973","2,620","3,906","4,536","5,596","7,005","8,056","9,851","16,116","16,501","16,474","14,478","15,408","18,020","13,222","12,355","11,749","11,531","11,710","13,139","14,367","16,783","20,238","21,980","23,001","25,847","26,292","18,891","17,531","23,127","27,054","30,965","35,195","40,279","45,691","49,849","61,139","60,095","68,151","78,987","87,735","96,570","102,718","97,210","97,671","104,467","107,479","107,596","95,865","107,179","116,133","121,147","121,728","125,677","130,310","135,350","140,863","146,638"
egypt,"8,143","8,629","9,227","9,589","11,334","12,678","14,974","19,136","23,432","15,616","23,523","25,760","30,479","37,254","41,888","48,841","54,076","77,359","92,530","115,362","96,087","48,431","44,168","49,526","54,550","63,250","71,118","79,777","89,189","95,039","104,752","102,273","90,261","85,163","82,855","94,127","112,902","137,055","170,797","198,316","230,024","247,726","294,482","303,194","321,634","350,119","351,443","246,826","263,156","317,894","382,525","423,300","475,231","393,828","383,109","347,342","389,040","432,812","480,602","532,288"
el salvador,338,356,379,438,519,589,751,943,"1,012","1,132","3,912","3,449","3,406","3,261","2,385","2,319","2,335","2,374","2,771","3,167","4,818","5,252","5,813","6,680","7,679","8,922","9,586","10,222","10,937","11,284","11,785","12,283","12,664","13,244","13,725","14,698","16,000","17,012","17,987","17,602","18,448","20,284","21,386","21,991","22,593","23,438","24,191","24,979","26,021","26,881","24,921","29,043","31,989","34,016","35,337","36,749","38,476","40,354","42,364","44,312"
equatorial guinea,20,21,20,26,27,34,35,39,44,50,32,30,35,40,44,74,91,111,119,105,133,132,160,162,120,169,276,526,440,738,"1,159","1,674","2,070","3,733","5,935","8,191","10,096","13,091","19,828","15,072","16,328","21,354","22,403","21,949","21,771","13,187","11,238","12,197","13,309","11,365","9,908","12,222","13,717","12,339","12,544","12,684","12,894","12,998","13,293","13,821"
eritrea,NA,NA,NA,NA,NA,NA,NA,NA,NA,NA,NA,NA,NA,NA,NA,NA,NA,NA,NA,NA,NA,NA,606,374,433,483,579,594,626,614,547,582,564,673,858,850,937,"1,020",923,"1,297","1,590","2,065","2,255","1,958","2,604","2,016","2,213","1,904","2,006","1,982","1,982","1,982","1,982","1,982","1,982","1,982","1,982","1,982","1,982","1,982"
estonia,NA,NA,NA,NA,NA,NA,NA,NA,NA,NA,NA,NA,NA,NA,NA,NA,NA,NA,NA,NA,NA,NA,NA,"1,791","2,507","3,909","4,785","5,160","5,678","5,771","5,707","6,265","7,393","9,894","12,161","14,129","17,049","22,478","24,434","19,694","19,569","23,300","23,252","25,451","27,063","23,314","24,554","27,460","31,237","31,877","31,795","37,229","38,406","41,303","42,752","45,004","47,816","50,261","52,643","54,990"
eswatini,NA,NA,NA,NA,NA,NA,NA,NA,NA,NA,754,798,714,734,628,497,635,831,986,"1,006","1,237","1,285","1,425","1,497","1,621","1,932","1,830","1,957","1,797","1,764","1,739","1,544","1,436","2,198","2,774","3,177","3,293","3,465","3,298","3,596","4,438","4,826","4,887","4,600","4,426","4,061","3,815","4,407","4,667","4,495","3,984","4,851","4,791","4,858","5,199","5,483","5,859","6,215","6,522","6,836"
ethiopia,"2,559","2,709","2,958","3,421","3,846","3,828","4,160","4,730","5,034","5,533","7,385","7,578","7,973","8,863","8,375","9,808","10,188","10,890","11,285","11,872","12,595","13,928","14,696","9,143","8,135","7,887","8,794","8,621","7,815","7,515","8,167","8,103","7,828","8,604","10,122","12,387","15,310","19,329","26,250","28,672","26,887","30,480","42,221","46,544","54,165","63,081","72,120","76,841","80,207","92,608","96,611","99,261","118,958","159,761","143,123","117,457","138,824","159,261","182,236","206,391"
fiji,223,249,320,430,564,691,702,727,838,"1,030","1,303","1,339","1,293","1,217","1,276","1,236","1,398","1,276","1,202","1,281","1,448","1,500","1,659","1,772","1,977","2,134","2,307","2,268","1,795","2,104","1,824","1,798","1,996","2,509","2,954","3,257","3,361","3,688","3,816","3,106","3,402","4,094","4,303","4,539","4,857","4,682","4,930","5,353","5,581","5,444","4,432","4,305","4,970","5,442","5,949","6,257","6,564","6,913","7,284","7,674"
finland,"11,113","12,257","14,425","19,053","24,312","29,122","31,469","33,102","35,826","43,934","53,714","52,620","53,111","51,056","53,032","56,223","73,652","91,775","109,255","119,106","141,726","128,215","113,139","89,177","103,621","134,210","132,046","127,027","134,164","135,369","126,023","129,521","140,262","171,570","197,369","204,973","217,056","256,390","285,667","253,206","249,633","275,079","257,606","270,272","273,549","233,234","238,712","253,757","273,993","267,044","269,784","294,419","280,474","295,036","298,833","303,945","315,822","326,344","337,007","348,457"
france,"146,436","163,704","200,946","261,468","282,158","355,617","367,273","405,397","500,052","605,041","695,475","612,552","581,254","555,956","526,671","551,596","766,302","927,257","1,012,843","1,017,702","1,260,874","1,263,244","1,392,563","1,315,795","1,388,477","1,596,250","1,599,248","1,451,058","1,498,974","1,488,392","1,361,560","1,370,386","1,491,373","1,834,637","2,108,835","2,193,358","2,317,985","2,656,130","2,926,483","2,697,144","2,648,391","2,869,903","2,684,706","2,816,119","2,861,973","2,442,731","2,469,726","2,587,955","2,782,838","2,723,094","2,645,806","2,968,405","2,797,049","3,056,880","3,162,023","3,211,292","3,317,916","3,418,285","3,526,684","3,637,929"
gabon,396,467,527,885,"1,890","2,641","3,684","3,439","2,925","3,709","4,559","4,111","3,853","3,689","3,547","3,736","4,889","3,699","4,079","4,458","6,339","5,754","5,955","5,757","4,463","5,281","6,064","5,673","4,774","4,966","5,397","5,023","5,332","6,510","7,767","9,468","10,164","12,457","15,570","12,188","14,384","18,207","17,181","17,596","18,209","14,385","14,020","14,924","16,830","16,875","15,364","19,455","20,485","20,059","20,774","20,391","20,921","21,723","22,609","23,502"
gambia,96,101,132,224,293,352,323,342,406,445,606,580,547,550,396,482,376,504,585,614,721,760,820,878,870,909,949,983,"1,009","1,036","1,010","1,002",887,843,962,"1,028","1,054","1,280","1,562","1,450","1,543","1,410","1,415","1,376","1,229","1,355","1,470","1,498","1,662","1,806","1,809","2,045","2,135","2,345","2,558","2,771","2,938","3,143","3,376","3,627"
georgia,NA,NA,NA,NA,NA,NA,NA,NA,NA,NA,NA,NA,NA,NA,NA,NA,NA,NA,NA,NA,NA,NA,NA,NA,850,"1,961","3,148","3,608","3,730","2,898","3,144","3,311","3,493","4,103","5,269","6,590","7,979","10,458","13,158","11,069","12,425","15,475","16,894","17,516","17,966","15,223","15,445","16,472","17,905","17,645","16,013","18,849","24,985","30,778","33,775","35,353","36,763","38,664","40,705","42,896"
germany,"208,867","241,914","290,117","385,518","430,928","474,785","502,961","581,104","716,567","852,855","856,833","720,895","696,088","694,447","654,289","663,459","947,583","1,179,165","1,271,263","1,262,000","1,604,497","1,882,489","2,146,140","2,080,092","2,220,165","2,595,269","2,507,448","2,221,504","2,250,847","2,216,072","1,967,850","1,966,395","2,100,865","2,534,081","2,851,023","2,894,992","3,046,470","3,484,467","3,808,369","3,476,022","3,470,987","3,824,155","3,600,175","3,808,142","3,966,823","3,423,915","3,536,808","3,761,764","4,053,846","3,957,645","3,936,989","4,351,188","4,166,872","4,527,009","4,658,526","4,744,804","4,911,746","5,083,216","5,251,928","5,416,003"
ghana,"3,549","3,874","3,386","3,124","3,641","3,490","3,559","3,872","4,495","4,748","38,684","61,487","70,954","49,337","17,998","15,970","15,086","12,692","13,566","13,723","15,882","17,795","17,666","14,532","13,433","15,692","16,629","17,024","18,528","19,165","12,349","13,113","15,229","18,790","21,754","26,415","30,963","36,544","41,323","37,127","45,447","53,625","55,800","62,846","54,678","49,437","56,144","60,385","67,259","68,353","70,008","79,514","73,919","80,547","82,825","88,332","92,300","96,762","101,673","110,710"
greece,"12,524","13,908","16,094","21,300","24,163","27,212","29,715","34,493","42,200","51,954","56,217","51,873","54,114","48,913","47,657","47,269","55,636","64,769","75,384","78,148","96,601","104,164","114,846","107,505","115,055","135,036","142,513","138,930","139,821","143,693","127,438","132,051","150,148","196,881","234,873","242,450","269,088","314,264","351,083","326,474","296,660","283,178","238,992","236,560","233,972","194,587","193,044","200,310","213,396","207,329","191,210","218,449","219,053","243,569","257,067","267,348","279,637","288,684","298,640","308,815"
grenada,17,21,28,35,36,44,44,50,64,75,111,116,125,132,146,168,188,215,236,267,278,301,310,310,325,342,367,392,446,482,520,520,540,591,599,695,699,759,826,771,771,779,800,843,911,997,"1,062","1,126","1,167","1,213","1,043","1,123","1,231","1,325","1,392","1,464","1,543","1,616","1,693","1,773"
guatemala,"1,697","1,769","1,874","2,290","2,818","3,250","3,892","4,886","5,412","6,154","7,718","8,431","8,539","8,864","9,276","10,951","5,921","6,857","7,426","8,561","7,535","9,174","10,138","11,045","12,482","14,050","14,992","16,982","18,461","17,422","18,124","19,735","21,924","23,092","24,977","28,179","31,308","35,028","40,242","37,997","41,493","47,419","49,902","52,989","57,835","62,180","66,034","71,624","73,331","77,156","77,718","86,467","95,631","104,436","112,575","121,177","131,178","141,574","152,695","164,834"
guinea,566,626,668,716,822,926,"1,056","1,085","1,241","1,328","2,400","2,381","2,335","2,284","2,327","2,473","2,675","2,840","3,317","3,384","3,710","4,195","4,570","4,562","4,707","5,139","5,316","5,212","5,003","4,798","4,039","3,806","4,022","4,759","5,012","4,506","4,178","6,317","6,966","6,753","6,858","6,775","7,387","8,376","8,777","8,790","8,604","10,325","11,857","13,443","14,089","16,320","19,589","22,750","25,758","30,094","35,239","41,120","47,404","55,374"
guinea-bissau,307,305,357,440,483,556,500,430,497,544,289,370,421,475,330,485,474,401,374,449,548,772,846,653,361,778,741,704,592,580,392,413,466,553,582,640,635,753,953,889,941,"1,157","1,050","1,110","1,136","1,153","1,245","1,469","1,555","1,487","1,523","1,722","1,721","2,005","2,184","2,274","2,452","2,645","2,840","3,051"
guyana,427,452,458,488,684,804,711,703,793,829,842,808,692,703,654,697,789,728,828,832,685,744,823,"1,003","1,176","1,332","1,495","1,587","1,500","1,488","1,497","1,504","1,555","1,592","1,657","1,712","1,899","2,225","2,491","2,596","2,889","3,328","4,063","4,168","4,128","4,280","4,483","4,748","4,788","5,174","5,471","8,041","14,718","16,919","24,659","25,822","28,167","32,204","35,691","39,543"
haiti,331,363,372,467,565,681,879,947,974,"1,081","2,664","2,932","3,050","3,273","3,627","4,028","4,475","2,205","1,450","1,340","1,706","1,530",918,"1,107","3,054","4,846","5,000","5,748","6,408","7,148","6,810","6,285","6,064","4,866","6,037","7,186","7,507","9,522","10,488","11,598","11,852","13,009","13,709","14,904","15,137","14,831","13,996","15,036","16,454","14,787","14,508","21,017","19,826","19,603","26,229","33,548","37,476","38,551","39,667","39,849"
honduras,824,872,958,"1,089","1,234","1,341","1,608","1,992","2,302","2,686","3,968","4,044","4,267","4,477","4,915","5,278","5,678","6,191","6,877","7,877","4,923","4,649","4,944","4,961","4,642","5,415","5,217","5,736","6,366","6,417","7,104","7,568","7,775","8,139","8,769","9,672","10,843","12,276","13,789","14,486","15,730","17,590","18,399","18,370","19,617","20,834","21,564","22,982","23,907","24,711","23,190","27,950","31,233","34,229","36,965","38,172","39,735","42,021","44,471","47,049"
hong kong,"3,812","4,456","5,702","8,022","9,374","10,044","12,873","15,706","18,297","22,495","28,862","31,055","32,291","29,907","33,511","35,700","41,076","50,623","59,708","68,790","76,929","88,960","104,272","120,354","135,812","144,652","159,718","177,349","168,858","165,734","171,643","169,381","166,336","161,370","169,085","181,556","193,515","211,583","219,279","214,048","228,639","248,514","262,629","275,697","291,460","309,386","320,860","341,271","361,731","363,075","344,941","368,954","358,680","381,066","407,107","423,999","438,377","461,227","483,888","506,970"
hungary,"6,270","6,824","8,004","9,911","10,863","12,387","14,354","16,031","18,741","21,639","23,117","23,706","24,142","21,910","21,243","21,511","24,778","27,233","29,800","30,423","34,478","34,867","38,857","40,256","43,308","46,578","46,834","47,399","48,784","49,160","47,276","53,800","67,636","85,190","104,015","113,098","115,604","140,123","158,228","130,807","131,899","141,713","128,470","135,646","141,129","125,244","128,984","143,335","161,185","164,927","158,468","183,283","178,321","214,098","223,060","237,070","253,087","267,594","282,989","299,580"
iceland,519,660,827,"1,133","1,493","1,386","1,645","2,176","2,475","2,811","3,434","3,543","3,251","2,793","2,892","3,009","4,014","5,561","6,145","5,700","6,504","6,949","7,105","6,225","6,393","7,124","7,426","7,570","8,504","8,982","9,026","8,235","9,318","11,429","13,825","16,853","17,465","21,653","18,075","13,154","13,751","15,222","14,752","16,125","17,868","17,517","20,793","24,728","26,261","24,681","21,630","25,770","28,696","31,452","33,463","35,309","38,312","41,395","44,893","48,632"
india,"61,470","65,947","71,735","85,546","96,552","100,437","101,196","117,421","135,833","150,317","186,170","193,153","200,035","218,218","211,843","233,520","248,398","278,864","294,479","296,043","320,979","270,105","288,210","279,295","327,275","360,281","392,902","415,895","421,378","458,821","468,396","485,440","514,938","607,701","709,152","820,385","940,260","1,216,736","1,198,895","1,341,889","1,675,615","1,823,052","1,827,637","1,856,721","2,039,127","2,103,588","2,294,797","2,651,474","2,702,930","2,835,606","2,674,852","3,167,271","3,346,107","3,638,490","3,909,097","4,187,017","4,601,225","5,069,470","5,584,476","6,148,426"
indonesia,"9,805","10,295","12,083","17,878","28,349","33,472","40,948","50,331","56,535","56,473","99,296","110,848","113,799","103,149","107,218","107,062","101,220","95,214","107,279","122,582","138,258","154,558","168,280","190,913","213,727","244,227","274,722","260,680","115,323","169,158","179,482","174,507","212,807","255,346","279,344","310,920","396,518","470,092","558,291","578,577","755,094","892,969","917,870","912,524","890,815","860,854","931,877","1,015,619","1,042,272","1,119,100","1,059,055","1,186,510","1,319,101","1,371,169","1,396,300","1,429,743","1,535,057","1,649,352","1,779,011","1,916,671"
iran,"10,032","12,631","15,785","25,134","43,806","48,877","63,404","74,362","73,233","85,610","95,846","101,481","125,800","156,927","161,721","180,541","208,928","277,019","311,932","379,427","581,008","304,065","50,472","64,449","79,818","114,941","158,032","184,138","205,000","275,092","366,917","330,978","132,682","158,416","188,961","228,428","272,361","360,928","425,699","440,408","517,899","625,430","421,882","428,321","460,809","408,288","458,042","486,829","332,846","241,658","195,528","289,294","376,254","372,820","401,357","341,013","361,149","400,521","436,860","463,289"
iraq,"2,320","2,605","2,615","3,283","3,870","4,845","6,178","6,693","8,468","11,371",NA,NA,NA,NA,NA,NA,NA,NA,NA,NA,NA,NA,NA,NA,NA,NA,NA,NA,NA,NA,"25,984","21,113","21,063","15,800","36,642","50,065","65,144","88,833","131,614","111,660","138,517","185,750","218,032","234,638","234,651","177,634","168,429","190,048","230,189","236,682","182,576","210,753","288,059","270,799","277,478","258,020","260,803","278,128","294,469","312,578"
ireland,"4,295","4,979","6,210","7,356","7,799","9,279","9,285","10,972","14,254","18,023","21,425","20,423","21,313","20,618","19,883","21,168","28,516","33,660","36,875","38,030","48,199","48,840","54,911","51,364","55,843","69,260","75,928","82,957","90,305","98,993","100,253","109,347","128,505","164,630","194,283","211,993","232,193","270,112","275,417","236,187","222,167","241,295","227,415","243,305","266,857","302,422","305,649","348,411","395,641","407,170","436,205","531,660","549,003","551,554","577,216","598,840","623,492","647,247","675,102","703,501"
israel,"6,070","6,401","8,431","10,807","14,655","14,502","15,243","16,495","16,232","20,891","25,071","26,565","28,470","31,752","30,059","27,938","34,394","41,080","50,888","51,777","61,097","69,307","77,446","77,837","88,852","105,553","115,181","119,516","120,586","121,425","136,516","134,990","125,339","131,544","140,162","147,442","159,076","184,706","221,231","213,401","239,679","268,095","263,591","298,479","315,019","303,469","321,941","358,453","376,301","400,648","410,771","489,854","525,183","512,185","540,381","583,361","610,712","638,253","667,600","698,299"
italy,"109,791","120,709","140,634","169,911","193,228","220,469","217,583","249,389","305,032","381,143","479,967","435,267","430,169","446,399","441,048","455,457","645,071","809,632","897,006","932,931","1,164,328","1,229,898","1,305,099","1,049,470","1,082,455","1,177,984","1,315,136","1,246,340","1,274,381","1,256,251","1,150,169","1,172,049","1,280,841","1,582,534","1,811,987","1,866,013","1,958,667","2,222,785","2,417,242","2,207,085","2,146,687","2,306,568","2,099,259","2,153,259","2,173,815","1,845,615","1,886,590","1,970,027","2,100,387","2,019,831","1,905,956","2,180,656","2,105,722","2,305,271","2,372,059","2,422,855","2,504,607","2,566,489","2,634,076","2,705,116"
jamaica,"1,591","1,741","2,119","2,173","2,700","3,251","3,371","3,694","3,006","2,765","2,565","2,817","3,235","2,875","2,119","1,993","2,369","2,672","3,184","3,692","4,663","4,285","4,328","5,440","5,453","6,549","7,394","8,400","8,787","8,887","9,065","9,195","9,719","9,430","10,175","11,233","11,946","12,881","13,743","12,107","13,193","14,413","14,765","14,213","13,865","14,154","14,108","14,755","15,648","15,808","13,885","14,674","17,003","19,315","20,069","21,411","22,214","22,979","23,771","24,592"
japan,"209,071","236,155","312,738","424,891","471,643","512,861","576,406","709,405","996,742","1,037,453","1,129,378","1,245,221","1,158,731","1,270,860","1,345,825","1,427,020","2,120,084","2,580,749","3,125,725","3,109,455","3,185,904","3,648,066","3,980,703","4,536,941","4,998,798","5,545,566","4,923,393","4,492,449","4,098,363","4,635,982","4,968,360","4,374,710","4,182,845","4,519,564","4,893,135","4,831,467","4,601,663","4,579,750","5,106,679","5,289,494","5,759,072","6,233,148","6,272,362","5,212,328","4,896,995","4,444,931","5,003,678","4,930,837","5,040,881","5,117,995","5,054,069","5,039,148","4,262,146","4,213,167","4,026,211","4,186,431","4,373,091","4,520,523","4,708,707","4,828,281"
jordan,593,633,705,807,933,"1,220","1,574","1,937","2,562","3,103","3,932","4,416","4,713","4,953","5,003","5,033","6,445","6,794","6,364","4,279","4,187","4,373","5,403","5,615","6,321","6,759","7,054","7,389","8,163","8,414","8,725","9,268","9,972","10,575","11,771","13,134","15,795","17,957","22,648","24,538","27,134","29,524","31,679","34,503","36,900","38,642","39,949","41,667","43,432","44,566","43,762","46,362","48,722","51,161","53,428","56,102","59,230","62,532","66,018","69,698"
kazakhstan,NA,NA,NA,NA,NA,NA,NA,NA,NA,NA,NA,NA,NA,NA,NA,NA,NA,NA,NA,NA,NA,NA,"2,875","5,152","11,881","16,639","21,035","22,166","22,135","16,871","18,292","22,153","24,637","30,834","43,152","57,125","81,003","104,850","133,442","115,309","148,047","192,626","207,999","236,635","221,416","184,388","137,278","166,806","179,340","181,667","171,082","197,112","225,496","261,840","284,810","300,538","325,095","351,156","374,090","398,524"
kenya,"2,195","2,432","2,727","3,217","3,836","4,206","4,483","5,794","6,860","7,869","13,449","12,667","12,196","11,279","11,703","11,646","13,832","15,163","15,721","15,586","16,219","15,315","15,084","10,479","12,546","15,905","18,064","18,300","20,630","18,594","18,206","18,697","19,030","21,391","22,790","26,307","29,668","36,708","41,058","42,347","45,406","46,555","56,407","61,703","68,395","70,370","74,816","81,965","92,211","100,328","100,912","109,875","114,733","108,747","120,899","131,673","127,968","131,798","140,341","150,725"
kiribati,21,22,28,46,83,80,60,56,65,62,33,35,33,31,34,26,26,30,38,38,37,41,62,59,67,69,81,80,75,77,75,65,75,97,104,114,112,138,150,142,166,196,207,202,201,192,207,223,234,217,222,285,271,289,308,312,327,339,351,365
south korea,"8,936","9,894","10,794","13,805","19,397","21,648","29,774","38,227","51,539","66,218","66,517","74,287","79,912","89,621","99,750","103,764","119,966","152,241","205,479","254,236","292,064","340,863","366,912","405,772","478,988","586,301","631,194","590,070","396,803","515,427","597,802","567,655","649,747","728,497","822,583","971,540","1,094,545","1,220,756","1,093,487","982,854","1,192,722","1,307,239","1,335,344","1,434,670","1,556,252","1,539,212","1,578,816","1,710,197","1,824,251","1,751,046","1,744,456","1,942,314","1,799,363","1,839,058","1,869,714","1,790,322","1,851,816","1,925,580","1,999,258","2,072,744"
kosovo,NA,NA,NA,NA,NA,NA,NA,NA,NA,NA,NA,NA,NA,NA,NA,NA,NA,NA,NA,NA,NA,NA,NA,NA,NA,NA,NA,NA,NA,NA,"2,217","2,509","2,730","3,390","3,710","3,828","4,019","4,868","5,202","5,030","5,348","6,340","6,167","6,735","7,076","6,296","6,681","7,178","7,882","7,900","7,728","9,418","9,375","10,470","11,151","11,274","11,941","12,658","13,407","14,202"
kuwait,"2,873","3,881","4,448","5,405","13,004","12,016","13,120","14,140","15,502","24,750",NA,"25,249","21,583","20,871","21,700","21,445","17,904","22,368","20,690","24,313","18,239","10,791","19,871","23,955","24,859","27,186","31,491","30,350","25,941","30,126","37,714","34,906","38,129","47,869","59,439","80,799","101,548","114,608","147,391","105,992","115,401","154,020","174,066","174,179","162,695","114,606","109,399","120,688","138,655","140,855","111,048","148,455","183,977","163,716","158,568","153,101","155,958","162,341","169,169","176,134"
kyrgyzstan,NA,NA,NA,NA,NA,NA,NA,NA,NA,NA,NA,NA,NA,NA,NA,NA,NA,NA,NA,NA,NA,NA,917,665,"1,108","1,493","1,822","1,767","1,630","1,242","1,368","1,525","1,606","1,920","2,214","2,459","2,837","3,807","5,139","4,690","4,794","6,198","6,604","7,335","7,467","6,678","6,813","7,703","8,271","9,372","8,283","9,256","12,269","15,187","17,491","19,849","21,222","22,807","24,427","26,202"
laos,113,125,134,154,174,204,222,231,250,265,"1,913","1,118","1,119","2,047","2,930","3,685","2,577","1,815","1,182","1,460","1,742","2,053","2,354","2,652","3,081","3,579","3,726","3,515","1,334","1,415","1,720","1,757","1,844","2,260","2,651","3,079","3,934","4,757","5,946","6,431","7,506","8,964","10,194","11,972","13,266","14,418","15,904","17,055","18,131","18,770","18,511","18,533","15,121","14,978","15,879","16,322","16,753","17,348","17,933","18,556"
latvia,NA,NA,NA,NA,NA,NA,NA,NA,NA,NA,NA,NA,NA,NA,NA,NA,NA,NA,NA,NA,NA,NA,"1,641","2,643","4,391","5,242","5,799","6,351","6,977","7,325","7,765","8,192","9,256","11,249","13,831","16,332","20,453","29,463","34,296","25,758","23,509","26,832","27,136","29,157","30,285","26,347","27,110","29,381","33,263","33,103","33,353","38,209","38,045","42,584","43,508","45,535","48,353","50,889","53,446","56,178"
lebanon,"1,489","1,673","2,086","2,721","3,496","3,258","1,427","2,529","2,977","3,633","4,020","3,843","2,621","3,611","4,269","3,566","2,780","3,254","3,269","2,682","2,801","4,392","5,472","7,435","8,988","10,971","12,824","15,535","17,059","17,174","17,018","17,361","18,837","19,486","21,160","21,497","22,023","24,827","29,119","35,400","38,444","39,927","44,017","46,880","48,095","49,929","51,150","53,030","54,900","50,928","24,976","19,782","24,748","23,607","28,280","28,280","28,280","28,280","28,280","28,280"
lesotho,67,65,77,116,132,138,136,178,245,267,428,435,362,401,360,288,331,434,496,519,635,743,863,865,915,"1,032",977,"1,027",949,937,922,774,856,"1,256","1,598","1,730","1,720","1,759","1,652","1,937","2,356","2,571","2,465","2,345","2,477","2,202","2,206","2,424","2,472","2,323","2,092","2,445","2,275","2,213","2,309","2,404","2,501","2,566","2,667","2,761"
liberia,259,273,296,346,423,509,527,590,646,744,NA,NA,NA,NA,NA,NA,NA,NA,NA,NA,NA,NA,NA,NA,NA,NA,NA,NA,NA,NA,863,904,943,714,897,944,"1,109","1,344","1,676","1,765","1,966","2,340","2,675","3,044","3,090","3,092","3,256","3,321","3,264","3,080","3,037","3,509","3,974","4,390","4,818","5,166","5,490","5,864","6,268","6,684"
libya,"4,268","4,881","5,845","8,003","14,022","13,649","17,719","20,809","20,537","28,332","40,190","34,720","34,616","32,988","30,890","30,384","24,756","23,009","25,870","27,446","31,627","34,995","35,459","31,912","29,719","33,739","36,827","37,702","30,921","37,129","39,498","35,206","21,128","27,026","34,054","48,852","60,094","68,211","86,804","60,767","75,381","48,170","92,542","75,355","57,384","48,718","49,913","67,153","76,682","69,237","46,893","35,216","43,281","43,958","42,159","47,484","48,722","50,180","51,961","54,194"
lithuania,NA,NA,NA,NA,NA,NA,NA,NA,NA,NA,NA,NA,NA,NA,NA,NA,NA,NA,NA,NA,NA,NA,NA,NA,NA,"6,742","8,440","10,159","11,284","11,017","11,541","12,260","14,283","18,801","22,710","26,118","30,138","39,765","48,004","37,591","36,693","43,201","42,736","46,321","48,388","41,548","42,952","47,745","54,294","55,132","57,352","67,068","71,082","79,824","84,847","89,192","94,182","98,885","103,789","108,927"
luxembourg,"1,445","1,506","1,886","2,588","3,157","3,097","3,395","3,757","4,679","5,470","6,434","5,549","4,557","4,473","4,385","4,544","6,611","8,211","9,301","9,903","12,628","13,683","15,328","15,714","17,487","20,571","20,464","18,428","19,263","21,088","21,240","21,388","23,633","29,660","35,049","37,693","42,912","51,594","58,838","54,408","56,260","61,685","59,814","65,204","68,823","60,078","62,200","65,689","71,118","69,880","73,612","86,444","80,865","87,599","93,169","96,613","100,440","104,767","109,193","113,820"
macau,165,197,241,328,377,436,433,554,723,822,NA,NA,NA,NA,NA,NA,NA,NA,NA,NA,NA,NA,NA,NA,NA,NA,NA,NA,NA,NA,NA,"6,860","7,372","8,247","10,643","12,160","14,874","18,440","21,027","21,588","28,242","36,844","43,190","51,536","54,903","45,048","45,071","50,384","55,191","55,082","25,344","30,969","24,998","45,802","50,182","53,354","56,312","59,692","63,219","66,759"
madagascar,898,971,"1,110","1,367","1,549","1,844","1,762","1,905","2,156","2,798","5,202","4,759","4,785","4,686","3,906","3,803","4,348","3,213","3,189","3,176","3,931","3,255","3,715","4,063","3,522","3,838","4,932","4,263","4,402","4,278","4,629","5,438","5,352","6,372","5,065","5,859","6,396","8,525","10,725","9,617","9,983","11,552","11,579","12,424","12,523","11,323","11,849","13,176","13,760","14,105","13,051","14,355","15,326","15,870","17,420","18,708","20,099","21,797","24,048","26,553"
malawi,442,555,635,612,756,845,923,"1,111","1,307","1,403","3,022","3,022","2,881","2,986","2,949","2,762","2,883","2,834","3,258","3,715","4,222","5,380","4,394","5,056","2,930","3,412","5,569","6,504","4,275","4,336","4,257","4,178","4,922","4,521","4,895","5,148","5,630","6,240","7,492","8,723","9,796","11,241","8,421","7,648","8,526","9,014","7,733","8,943","9,882","11,031","11,847","12,475","12,531","13,439","11,797","13,959","14,632","15,441","16,334","17,290"
malaysia,"3,737","4,586","5,449","8,279","10,260","10,079","11,939","14,196","17,674","22,919","26,757","27,321","29,278","32,745","37,087","34,090","30,303","34,529","37,845","41,678","47,245","53,519","64,427","72,857","81,156","96,606","109,846","109,116","78,639","86,203","102,149","101,054","109,833","120,025","135,869","150,345","170,410","202,732","241,946","211,847","258,640","302,184","318,909","327,869","342,868","301,355","301,256","319,109","358,783","365,178","337,456","373,785","407,605","399,705","419,617","444,984","475,129","503,927","534,617","565,411"
maldives,38,42,49,60,76,48,44,41,47,75,63,73,87,94,113,134,158,149,178,201,231,262,306,346,382,466,527,652,693,756,801,767,828,"1,052","1,227","1,163","1,575","1,868","2,272","2,345","2,588","2,629","2,885","3,286","3,690","4,118","4,398","4,809","5,398","5,716","3,706","5,242","6,168","6,581","7,019","7,480","8,119","8,620","9,144","9,698"
mali,276,330,373,433,406,604,716,833,965,"1,220","2,031","1,660","1,468","1,418","1,416","1,426","1,981","2,308","2,316","2,827","3,223","3,284","3,372","3,362","2,575","3,337","3,416","3,208","3,328","3,444","2,963","3,468","3,905","4,713","5,452","6,251","6,906","8,157","9,871","10,249","10,698","12,993","12,450","13,243","14,369","13,106","14,022","15,360","17,079","17,281","17,491","19,320","19,319","21,184","22,724","23,208","24,821","26,587","28,486","30,541"
malta,251,265,295,346,376,475,528,626,794,"1,001",NA,NA,NA,NA,NA,NA,NA,NA,NA,NA,NA,NA,NA,NA,NA,"3,353","3,419","3,461","3,667","3,827","4,042","4,072","4,462","5,425","6,109","6,392","6,783","7,972","9,171","8,760","9,104","9,788","9,616","10,797","11,891","11,342","12,022","14,156","16,161","16,340","16,397","19,737","19,254","22,217","24,315","25,750","27,488","29,135","30,894","32,773"
marshall islands,8,9,10,12,15,17,18,20,22,26,NA,NA,NA,NA,NA,NA,NA,NA,NA,NA,NA,NA,NA,NA,NA,NA,NA,110,112,113,115,123,132,131,133,138,143,150,147,151,161,172,181,186,186,184,202,214,220,233,242,259,253,259,280,297,317,338,354,369
mauritania,324,347,406,462,628,759,847,871,857,"1,069",NA,NA,NA,NA,NA,NA,NA,NA,NA,NA,"1,793","2,055","2,164","1,847","1,945","2,092","2,132","2,072","2,027","1,986","1,780","1,746","1,777","2,051","2,362","2,936","4,009","4,328","5,138","4,725","5,637","6,782","6,721","7,331","6,615","6,182","6,414","6,826","7,472","7,894","8,464","9,126","9,564","10,649","10,697","11,470","11,938","12,510","13,567","14,112"
mauritius,197,221,278,348,578,581,722,844,"1,041","1,241","1,242","1,179","1,131","1,198","1,108","1,122","1,515","1,919","2,225","2,286","2,743","3,017","3,398","3,502","3,887","4,439","4,590","4,310","4,354","4,597","4,935","4,882","5,123","6,155","6,962","6,867","7,123","8,260","10,125","9,252","10,138","11,673","11,826","12,293","13,074","12,007","12,594","13,714","14,736","14,436","11,408","11,484","12,908","14,101","14,953","15,495","16,638","17,653","18,717","19,821"
mexico,"43,426","47,897","55,200","67,532","87,943","107,525","108,589","100,097","125,438","164,346","242,153","311,012","225,706","184,010","217,001","230,272","159,434","174,840","213,893","260,663","307,613","368,772","427,661","530,226","553,618","380,182","432,158","523,450","557,485","631,240","742,061","796,055","810,666","765,550","819,459","917,572","1,020,265","1,102,356","1,161,553","943,437","1,105,424","1,229,014","1,255,110","1,327,436","1,364,508","1,213,294","1,112,233","1,190,721","1,256,300","1,304,106","1,121,065","1,316,569","1,466,465","1,793,799","1,852,723","1,692,640","1,775,296","1,863,832","1,959,010","2,053,884"
federated states of micronesia,21,23,27,37,49,49,50,50,57,64,NA,NA,NA,NA,NA,NA,NA,NA,NA,NA,NA,NA,NA,NA,NA,222,221,207,219,220,233,240,240,243,236,247,250,253,261,277,292,308,324,314,316,312,327,361,394,395,373,392,416,444,471,500,523,539,554,570
moldova,NA,NA,NA,NA,NA,NA,NA,NA,NA,NA,NA,NA,NA,NA,NA,NA,NA,NA,NA,NA,NA,NA,864,"1,110","1,158","1,441","1,694","1,928","1,697","1,172","1,315","1,481","1,662","1,981","2,598","2,988","3,408","4,401","6,055","5,438","6,977","8,417","8,708","9,496","9,402","7,778","7,981","9,515","11,252","11,737","11,530","13,694","14,493","16,751","18,126","19,462","20,611","22,368","24,299","26,393"
mongolia,172,189,204,235,267,311,342,392,451,510,"2,728","2,854","2,963","3,071","2,837","3,294","3,636","4,086","4,104","4,275","2,678","2,821","1,566",771,926,"1,452","1,348","1,181","1,125","1,057","1,137","1,268","1,397","1,595","1,992","2,523","3,414","4,235","5,623","4,584","7,185","10,410","12,278","12,582","12,227","11,620","11,154","11,481","13,207","14,206","13,313","15,286","17,146","20,315","23,586","25,804","27,981","29,965","32,326","34,573"
montenegro,NA,NA,NA,NA,NA,NA,NA,NA,NA,NA,NA,NA,NA,NA,NA,NA,NA,NA,NA,NA,NA,NA,NA,NA,NA,NA,NA,NA,NA,NA,966,"1,150","1,269","1,681","2,073","2,261","2,724","3,686","4,564","4,171","4,146","4,544","4,090","4,466","4,595","4,055","4,376","4,855","5,509","5,543","4,777","5,865","6,243","7,532","8,023","8,562","9,157","9,612","10,107","10,631"
morocco,"4,421","4,731","5,681","6,973","8,576","10,039","10,710","12,347","14,790","17,779","23,807","19,329","19,510","17,635","16,130","16,280","21,497","23,713","28,080","28,901","32,661","34,940","36,483","34,259","38,532","42,238","46,710","42,366","45,243","45,055","42,053","42,704","45,711","56,345","64,528","67,468","74,284","85,539","100,112","100,535","100,881","109,705","106,345","115,608","119,131","110,414","111,573","118,541","127,341","128,920","121,354","142,022","130,952","144,438","155,350","165,835","176,587","187,662","199,368","211,597"
mozambique,"3,047","3,392","3,797","4,472","4,676","4,841","4,409","4,463","4,663","4,903","4,615","3,585","3,662","3,280","3,417","4,516","5,301","2,395","2,105","2,199","3,529","3,855","2,799","2,883","2,958","3,062","4,030","4,874","5,551","6,285","5,931","5,650","5,951","6,584","7,937","8,868","9,510","10,811","12,920","12,264","11,412","14,619","16,688","17,198","17,978","16,209","12,069","13,265","15,017","15,513","14,235","16,168","18,884","20,954","21,944","23,771","25,394","27,082","28,720","32,016"
myanmar,"2,692","2,757","2,568","3,340","3,981","3,680","4,089","4,191","4,678","5,365",NA,NA,NA,NA,NA,NA,NA,NA,NA,NA,NA,NA,NA,NA,NA,NA,NA,NA,"5,122","6,400","7,688","7,087","6,878","8,826","10,688","12,051","13,502","17,745","25,313","30,675","37,851","53,250","58,374","62,656","53,250","57,338","58,808","60,285","67,051","82,568","65,631","58,264","61,723","61,466","61,176","64,944","70,365","76,178","82,373","85,757"
namibia,633,707,708,898,"1,096","1,169","1,123","1,248","1,438","1,777",NA,NA,NA,NA,NA,NA,NA,NA,NA,NA,"2,568","2,841","3,296","3,156","3,537","3,948","3,954","4,110","3,832","3,824","3,941","3,577","3,396","4,974","6,673","7,324","7,711","8,730","8,496","8,915","11,281","12,423","13,016","12,168","12,434","11,450","10,719","12,883","13,676","12,539","10,583","12,399","12,564","12,402","13,370","14,214","15,186","15,905","16,688","17,486"
nauru,18,19,22,27,32,29,29,28,31,33,NA,NA,NA,NA,NA,NA,NA,NA,NA,NA,NA,NA,NA,NA,NA,NA,NA,NA,NA,NA,NA,NA,NA,NA,32,31,29,25,36,47,50,69,101,89,97,76,100,109,131,125,125,176,152,152,161,169,174,181,188,197
nepal,"1,041","1,061","1,231","1,144","1,458","1,617","1,494","1,484","1,749","1,987","2,258","2,641","2,669","2,920","3,089","3,208","3,491","3,621","4,270","4,317","4,442","4,861","4,417","4,743","4,954","5,379","5,544","6,027","5,992","6,164","6,537","6,719","6,816","7,218","8,297","9,331","10,316","11,777","14,310","14,663","18,253","21,685","21,703","22,162","22,722","24,361","24,524","28,972","33,112","34,186","33,434","36,927","41,183","40,907","43,419","46,080","49,603","54,449","59,728","65,494"
netherlands,"35,353","41,294","50,675","66,943","79,169","93,227","101,716","118,821","145,331","166,432","194,031","162,629","157,560","153,396","142,779","144,859","201,883","247,277","264,596","260,900","321,859","331,565","366,520","356,434","383,091","453,377","451,508","418,023","439,215","448,223","417,834","432,539","475,194","582,290","660,925","688,514","737,633","853,600","957,797","878,000","853,161","912,980","846,225","883,964","901,789","775,822","796,944","847,934","930,155","929,006","931,814","1,055,173","1,047,364","1,154,694","1,227,174","1,272,011","1,326,163","1,370,330","1,416,591","1,464,429"
new zealand,"6,507","7,799","9,418","12,489","14,121","13,656","13,874","15,132","18,315","21,051","22,551","23,472","23,237","22,484","22,377","22,539","27,428","36,978","45,505","44,132","45,722","43,440","41,515","44,807","52,920","62,241","69,100","68,869","56,815","58,898","54,127","53,128","62,061","82,408","101,601","113,264","109,740","134,859","135,606","122,011","145,736","167,167","175,361","187,292","200,305","176,455","186,081","203,819","209,747","210,995","210,541","249,775","245,203","253,436","257,728","248,666","259,160","270,294","281,646","293,869"
nicaragua,882,939,"1,000","1,242","1,727","1,806","2,098","2,543","2,431","1,740","1,832","2,156","2,497","2,900","3,966","3,854","5,800","3,409","1,499","2,082",519,"3,678","3,894","3,726","3,861","4,140","4,308","4,390","4,635","4,856","5,109","5,335","5,224","5,322","5,793","6,321","6,764","7,423","8,497","8,297","8,759","9,774","10,532","10,983","11,880","12,757","13,286","13,786","13,025","12,713","12,730","14,208","15,634","17,820","19,710","21,155","22,683","24,416","26,281","28,289"
niger,427,457,574,611,702,894,"1,058","1,250","1,692","2,215","3,531","3,056","2,840","2,538","2,056","2,027","2,680","3,143","3,210","3,068","3,491","3,271","3,372","3,041","1,935","2,296","2,397","2,285","2,639","2,532","2,235","2,442","2,772","3,382","3,746","4,372","4,743","5,716","7,279","7,324","7,838","8,754","9,412","10,206","10,830","9,684","10,350","11,181","12,814","12,917","13,764","14,923","15,458","16,809","19,866","21,874","24,148","26,186","28,298","30,593"
nigeria,"11,567","14,026","16,829","21,140","32,688","39,763","48,441","54,157","60,593","74,798",NA,NA,NA,NA,NA,NA,NA,NA,NA,NA,"62,165","60,131","52,275","56,807","80,128","132,230","172,686","187,866","209,677","57,477","67,824","73,128","93,983","102,935","130,345","169,645","222,791","266,334","335,378","302,456","374,098","419,942","467,157","521,861","576,004","494,307","405,019","375,756","421,739","474,517","432,299","441,074","476,468","363,816","187,640","188,271","192,337","211,802","236,525","264,516"
north macedonia,NA,NA,NA,NA,NA,NA,NA,NA,NA,NA,NA,NA,NA,NA,NA,NA,NA,NA,NA,NA,NA,NA,"2,443","2,687","3,561","4,687","4,642","3,928","3,764","3,867","3,774","3,709","3,991","4,946","5,684","6,257","6,860","8,337","9,912","9,400","9,415","10,499","9,751","10,824","11,378","10,067","10,686","11,336","12,694","12,609","12,385","14,008","13,957","15,772","16,679","17,885","19,049","20,146","21,220","22,368"
norway,"12,730","14,476","17,220","22,342","26,876","32,566","35,576","41,070","46,016","52,548","64,439","63,597","62,647","61,627","62,058","65,417","78,693","94,231","101,901","102,634","119,791","121,872","130,838","120,579","127,132","152,031","163,520","161,357","154,230","162,384","171,456","174,240","195,915","229,385","265,267","309,979","346,914","402,646","464,915","387,974","431,052","501,361","512,777","526,014","501,737","388,160","370,957","401,745","439,789","408,743","367,633","503,368","596,298","482,950","483,727","504,276","520,593","538,234","555,165","572,965"
oman,268,315,384,506,"1,724","2,196","2,681","2,870","2,871","3,911","7,269","8,849","9,285","9,733","10,726","11,916","9,433","9,890","9,613","10,743","13,395","13,000","14,274","14,321","14,808","15,821","17,512","18,154","16,044","17,833","22,259","22,206","23,066","24,734","28,379","35,507","42,578","48,300","69,805","55,454","64,994","77,497","87,409","89,936","92,699","78,711","75,129","80,857","91,506","88,061","75,909","87,324","109,853","105,896","106,943","104,351","107,339","113,347","119,604","126,247"
pakistan,"12,191","12,967","7,656","8,210","10,819","13,653","16,009","18,389","21,654","23,936","38,616","45,681","49,932","46,619","50,612","50,607","51,827","54,171","62,385","65,042","65,276","74,158","79,338","83,969","84,642","98,917","103,296","101,848","101,381","96,008","99,421","96,784","98,169","112,507","132,206","145,209","161,871","184,141","202,204","187,074","196,712","230,577","250,094","258,674","271,422","299,930","313,623","339,229","356,163","321,071","300,410","348,481","374,850","337,754","373,078","373,078","373,078","373,078","373,078","373,078"
palau,9,10,11,12,13,15,16,17,19,21,NA,NA,NA,NA,NA,NA,NA,NA,NA,NA,NA,NA,NA,NA,NA,NA,NA,NA,NA,NA,150,159,163,155,166,186,191,196,199,184,184,195,215,226,245,283,303,290,288,282,259,236,248,275,306,333,352,370,387,404
panama,"1,147","1,294","1,422","1,626","1,859","2,082","2,211","2,344","2,779","3,181","4,253","4,814","5,319","5,461","5,700","6,030","6,266","6,294","5,441","5,456","5,931","6,522","7,414","8,096","8,633","8,825","10,406","11,245","12,191","12,775","12,958","13,166","13,685","14,422","15,811","17,244","19,109","22,072","26,072","28,104","30,513","35,950","41,902","47,261","51,740","56,062","60,017","64,468","67,294","69,722","57,087","67,407","76,523","83,382","87,688","91,675","97,249","103,161","109,433","116,087"
papua new guinea,726,811,970,"1,467","1,661","1,536","1,652","1,819","2,211","2,543","4,087","4,011","3,805","3,799","3,509","3,250","3,535","3,885","5,400","5,238","4,757","5,596","6,466","7,349","8,077","7,149","7,608","7,272","5,558","5,072","5,169","4,531","4,387","5,488","6,279","7,339","8,355","9,545","11,671","11,619","14,251","17,985","21,295","21,261","23,211","21,723","20,759","22,743","24,110","24,751","23,848","26,113","31,653","30,729","31,654","32,835","33,924","35,310","36,550","37,688"
paraguay,525,587,680,880,"1,178","1,336","1,501","1,849","2,262","3,020","4,095","5,220","5,470","6,069","4,931","4,214","5,032","4,216","5,584","4,046","4,904","6,984","7,158","7,249","7,871","9,062","9,788","9,965","9,260","8,837","8,856","8,496","7,196","7,691","9,624","10,738","13,430","17,856","24,615","22,355","27,129","33,737","33,296","38,651","40,378","36,211","36,090","38,997","40,225","37,925","35,432","39,951","41,953","43,118","43,989","45,465","48,088","50,745","53,554","56,532"
peru,"5,861","6,539","7,248","8,667","10,928","13,346","12,729","11,475","9,851","12,583","20,190","24,398","24,259","18,863","19,442","16,823","25,241","41,681","32,978","40,699","28,326","33,988","35,377","34,330","43,225","51,380","53,412","56,281","53,918","48,719","50,414","51,034","53,954","58,537","66,126","74,232","87,459","102,187","121,308","121,892","149,230","171,369","193,276","203,042","203,785","192,850","196,348","216,578","227,583","233,004","206,461","226,268","244,419","267,482","289,070","303,293","319,095","333,627","348,299","364,090"
philippines,"7,413","8,209","8,883","11,172","15,269","16,502","18,944","21,770","25,158","30,471","37,082","40,735","42,441","37,953","35,860","34,973","34,129","37,932","43,293","48,652","50,508","51,784","60,422","62,037","73,159","84,644","94,650","94,106","74,492","85,640","83,667","78,921","84,307","87,039","95,002","107,420","127,653","155,980","181,007","176,132","208,369","234,217","261,920","283,903","297,484","306,446","318,627","328,481","346,842","376,823","361,751","394,087","404,353","437,055","461,617","497,495","538,789","586,087","638,178","695,311"
poland,"27,665","30,630","33,866","40,088","44,981","47,893","53,394","59,219","67,066","75,076","56,908","53,921","65,520","75,792","75,893","71,137","74,053","64,040","68,963","67,237","62,401","80,863","89,166","90,828","104,213","139,800","157,485","157,987","172,929","168,657","172,151","191,403","199,694","218,561","256,454","307,158","345,898","429,715","535,612","440,954","478,111","527,848","498,149","518,180","542,266","479,729","472,883","528,497","594,641","602,592","605,930","689,253","695,734","809,706","908,583","979,960","1,040,634","1,102,183","1,167,004","1,234,508"
portugal,"8,000","9,081","11,086","14,892","17,274","19,096","20,064","21,151","23,179","26,265","32,607","32,477","30,678","28,267","25,951","27,231","37,869","47,386","55,435","59,806","79,439","89,904","108,119","95,139","99,692","118,182","122,655","117,211","124,124","127,597","118,658","121,605","134,700","165,185","189,296","197,363","208,767","240,524","263,388","244,402","238,639","245,383","216,674","226,681","230,138","199,059","206,249","220,785","242,203","240,142","229,435","256,226","257,101","289,781","308,590","321,440","336,265","347,893","360,829","374,432"
puerto rico,"5,647","6,329","7,002","7,685","8,198","8,969","9,911","11,165","12,750","14,436","14,436","15,956","16,764","17,277","19,163","20,289","21,969","23,878","26,178","28,267","30,604","32,287","34,630","36,923","39,691","42,647","45,341","48,187","54,086","57,841","61,702","69,669","72,546","75,834","80,322","83,915","87,276","89,524","93,639","96,386","98,381","100,352","101,565","102,450","102,446","103,376","104,337","103,446","100,958","105,126","103,131","106,427","113,567","117,902","120,978","122,522","124,775","128,477","131,641","134,823"
qatar,539,714,"1,030","1,503","1,935","2,470","3,206","3,509","3,932","5,633","6,665","7,374","6,467","5,506","5,708","5,339","4,214","4,441","4,260","4,502","6,266","5,579","6,384","5,804","5,946","6,861","7,761","9,976","8,488","11,266","18,085","17,498","19,334","23,716","30,651","44,636","58,629","75,987","112,621","88,196","119,707","167,775","186,834","198,728","206,225","161,740","151,732","161,099","183,335","176,371","144,411","179,732","235,709","213,003","221,452","222,776","236,073","256,377","269,131","278,701"
romania,"12,712","15,081","17,399","20,272","21,233","22,874","25,709","27,790","32,761","35,353","46,053","55,319","55,375","48,401","39,111","48,286","52,290","58,477","60,538","54,236","38,516","29,070","19,779","26,624","30,376","35,838","35,692","35,644","42,543","35,953","37,447","40,396","46,035","57,790","75,059","98,547","122,114","174,831","215,567","174,572","170,329","192,846","179,228","189,839","199,989","177,878","185,337","210,530","243,651","251,652","252,372","286,783","296,928","350,847","384,148","403,395","424,375","446,232","470,105","496,488"
russia,NA,NA,NA,NA,NA,NA,NA,NA,NA,NA,NA,NA,NA,NA,NA,NA,NA,NA,NA,NA,NA,NA,"71,603","196,227","293,768","335,777","412,685","433,704","287,672","209,657","278,264","328,475","370,062","461,518","633,294","817,717","1,060,901","1,393,416","1,779,109","1,307,927","1,633,111","2,046,621","2,191,486","2,288,428","2,048,837","1,356,703","1,280,648","1,575,140","1,653,005","1,695,724","1,488,118","1,828,927","2,295,527","2,059,762","2,161,205","2,076,396","2,085,148","2,153,274","2,227,172","2,303,677"
rwanda,241,289,326,404,530,639,712,834,"1,012","1,239","1,493","1,695","1,808","1,932","1,851","2,199","2,490","2,765","2,959","3,090","2,954","2,179","2,313","2,231","1,418","1,470","1,593","2,144","2,290","2,131","2,049","1,967","1,963","2,139","2,388","2,945","3,318","4,069","5,183","5,675","6,124","6,885","7,654","7,821","8,240","8,546","8,695","9,253","9,638","10,349","10,174","11,066","13,313","14,331","14,251","14,771","15,472","16,308","17,239","18,430"
samoa,40,48,56,74,83,83,76,87,96,109,127,119,122,113,111,106,112,124,138,141,182,176,193,198,158,242,258,280,286,262,271,273,289,342,418,486,516,568,684,618,680,744,773,798,797,824,844,885,878,913,869,844,833,938,"1,068","1,160","1,217","1,269","1,323","1,392"
san marino,78,85,99,120,136,156,154,176,215,269,NA,NA,NA,NA,NA,NA,NA,NA,NA,NA,NA,NA,NA,NA,NA,NA,NA,NA,NA,NA,"1,008","1,060","1,148","1,462","1,714","1,788","1,910","2,189","2,403","2,062","1,883","1,813","1,606","1,678","1,674","1,420","1,468","1,528","1,656","1,616","1,543","1,857","1,833","2,003","2,063","2,047","2,114","2,181","2,253","2,329"
so tom and prncipe,38,38,42,56,58,61,52,50,55,66,69,84,81,76,79,83,117,117,100,99,120,108,96,127,132,104,136,93,73,78,77,72,80,96,104,125,133,145,188,201,191,228,231,269,295,262,294,325,387,416,476,529,546,684,796,864,962,"1,046","1,130","1,222"
saudi arabia,"5,377","7,185","9,664","14,947","45,413","46,773","64,006","74,189","80,267","111,858","164,540","184,292","153,240","129,181","119,631","103,894","86,886","85,582","88,138","95,217","117,474","132,047","136,905","132,790","134,995","143,152","158,451","165,742","146,776","161,717","189,515","184,138","189,606","215,808","258,742","328,205","376,398","415,687","519,797","429,098","528,207","676,635","741,850","753,864","766,606","669,485","666,000","714,994","846,584","838,565","734,271","874,157","1,108,571","1,067,583","1,085,358","1,083,749","1,122,465","1,180,930","1,242,552","1,307,069"
senegal,952,984,"1,190","1,368","1,543","2,078","2,107","2,157","2,403","2,998","4,338","3,934","3,850","3,435","3,350","3,668","5,188","6,241","6,173","6,083","7,078","6,955","7,435","7,014","4,746","6,026","6,300","5,867","6,416","6,599","6,016","6,508","7,001","8,767","10,072","11,015","11,699","13,996","16,852","16,128","16,134","17,811","17,672","18,919","19,802","17,777","19,035","20,989","23,127","23,405","24,534","27,584","27,750","30,625","32,892","34,728","36,784","39,299","42,114","44,931"
serbia,NA,NA,NA,NA,NA,NA,NA,NA,NA,NA,NA,NA,NA,NA,NA,NA,NA,NA,NA,NA,NA,NA,NA,NA,NA,NA,NA,NA,NA,NA,"10,431","13,650","17,997","23,627","26,718","28,143","33,421","45,121","54,117","46,949","43,067","51,274","45,111","50,456","49,114","41,297","42,225","45,973","52,788","53,865","55,874","65,830","66,798","81,343","89,074","92,549","99,945","108,090","115,392","123,734"
seychelles,23,27,38,46,53,59,61,80,106,157,147,154,148,147,151,169,208,249,284,305,369,374,434,474,486,508,503,563,608,623,615,622,698,706,839,919,"1,016","1,034",998,847,970,"1,018","1,060","1,328","1,388","1,432","1,568","1,675","1,777","1,867","1,384","1,490","2,018","2,187","2,168","2,198","2,284","2,388","2,498","2,613"
sierra leone,451,480,529,604,695,743,690,787,"1,015","1,170","2,708","2,903","3,264","2,838","3,283","2,794","2,092","1,823","2,988","2,745","1,509","1,812","1,580","1,786","2,118","2,026","2,188","1,974","1,562","1,555","1,498","1,726","1,990","2,218","2,339","2,738","3,144","3,451","3,926","3,795","4,174","4,799","5,746","6,736","6,521","6,750","6,038","5,823","6,390","6,519","6,682","7,165","7,119","6,397","7,653","8,386","8,726","9,142","9,592","10,067"
singapore,"1,919","2,270","2,950","4,228","5,261","5,787","6,066","6,694","8,048","9,702","12,082","14,367","15,879","18,011","19,563","18,573","18,780","21,629","26,551","31,436","38,892","45,465","52,131","60,604","73,689","87,813","96,293","100,124","85,728","86,287","96,077","89,794","92,538","97,646","115,034","127,808","148,627","180,942","193,617","194,150","239,808","279,357","295,093","307,576","314,864","307,999","319,646","343,673","377,124","376,162","349,166","436,591","509,018","505,440","547,387","564,774","585,946","611,464","639,122","667,781"
slovakia,NA,NA,NA,NA,NA,NA,NA,NA,NA,NA,NA,NA,NA,NA,NA,NA,NA,NA,NA,NA,NA,NA,NA,"13,906","16,046","20,297","21,871","22,037","22,917","20,890","20,711","21,384","24,849","33,864","43,023","48,912","57,480","77,260","97,122","89,246","91,187","99,688","94,784","99,136","101,739","89,188","90,322","95,944","106,660","105,855","107,646","120,672","116,020","132,947","140,636","147,031","154,958","162,291","169,902","177,033"
slovenia,NA,NA,NA,NA,NA,NA,NA,NA,NA,NA,NA,NA,NA,NA,NA,NA,NA,NA,NA,NA,NA,NA,"19,285","16,637","16,857","21,399","21,480","20,769","22,080","22,668","20,262","20,693","23,263","29,399","34,190","36,002","39,293","47,886","55,503","49,921","47,832","51,190","46,196","47,868","49,527","42,714","44,279","48,136","53,713","53,916","53,342","61,570","59,975","69,168","72,463","75,224","79,019","82,537","86,106","89,962"
solomon islands,32,35,38,51,73,65,72,82,98,130,183,194,193,181,182,166,148,155,176,173,215,228,269,301,403,469,511,527,458,488,420,410,346,353,398,477,539,620,699,736,847,"1,050","1,185","1,286","1,336","1,308","1,379","1,470","1,615","1,619","1,536","1,523","1,566","1,661","1,777","1,898","2,020","2,131","2,246","2,371"
somalia,341,347,448,484,573,757,871,441,500,514,NA,NA,NA,NA,NA,NA,NA,NA,NA,NA,NA,NA,NA,NA,NA,NA,NA,NA,NA,NA,NA,NA,NA,NA,NA,NA,NA,NA,NA,NA,NA,"5,022","5,183","5,869","6,443","6,841","7,391","8,252","7,873","8,655","8,628","9,484","10,203","10,969","12,134","12,994","14,144","15,567","16,976","18,253"
south africa,"17,907","19,765","20,753","28,445","35,729","36,948","35,475","39,400","45,328","55,937","89,412","93,150","85,897","96,205","84,838","64,481","73,399","96,533","104,010","108,070","126,027","135,227","146,970","147,236","153,569","171,736","163,340","169,004","152,885","151,426","151,855","135,527","129,385","197,017","256,188","288,749","304,055","332,650","316,491","331,184","417,315","458,708","434,400","400,877","381,195","346,663","323,493","381,317","405,093","389,245","337,876","420,778","406,755","380,592","400,191","410,338","424,241","439,310","455,523","472,093"
south sudan,NA,NA,NA,NA,NA,NA,NA,NA,NA,NA,NA,NA,NA,NA,NA,NA,NA,NA,NA,NA,NA,NA,NA,NA,NA,NA,NA,NA,NA,NA,NA,NA,NA,NA,NA,NA,NA,NA,NA,NA,NA,"17,340","11,267","14,947","15,178","15,326","2,419","1,302","2,687","4,044","5,423","5,940","8,037","7,186","5,423","3,998","6,485","6,892","7,282","7,991"
spain,"39,801","45,263","57,417","76,365","94,447","111,435","115,065","128,590","155,939","208,351","231,048","204,843","197,890","173,072","172,597","181,847","251,618","318,787","374,535","413,106","536,322","577,166","630,910","529,980","531,801","614,713","642,480","590,500","619,541","635,025","598,367","627,803","708,437","907,736","1,069,344","1,155,306","1,261,914","1,476,920","1,635,936","1,494,963","1,429,155","1,487,307","1,331,838","1,362,207","1,380,600","1,206,287","1,242,673","1,321,288","1,432,292","1,403,651","1,288,751","1,462,216","1,447,636","1,620,558","1,722,227","1,799,511","1,886,218","1,961,594","2,037,746","2,117,209"
sri lanka,"2,460","2,518","2,812","3,060","3,809","3,941","3,749","4,242","2,907","3,550","5,194","5,404","5,834","6,298","7,382","7,302","7,826","8,149","8,518","8,550","9,787","10,716","11,553","12,351","14,245","15,127","16,592","18,544","19,050","19,143","20,007","19,236","20,238","22,352","24,423","28,880","33,447","38,270","48,177","49,750","58,643","67,725","70,392","76,934","82,483","85,091","88,000","94,376","94,484","89,015","84,304","88,609","74,584","83,723","98,964","98,964","98,964","98,964","98,964","98,964"
saint kitts and nevis,21,25,30,31,41,43,37,38,43,50,58,69,79,78,91,101,119,136,161,179,203,201,223,243,272,293,312,351,366,389,421,458,481,469,507,547,644,689,778,774,779,836,825,875,953,957,"1,007","1,058","1,076","1,107",884,859,981,"1,056","1,117","1,129","1,175","1,229","1,287","1,350"
saint lucia,30,35,40,45,61,71,73,81,95,115,170,194,183,197,251,284,340,375,429,486,579,613,674,684,713,762,788,805,877,921,932,892,899,987,"1,066","1,135","1,268","1,331","1,427","1,400","1,483","1,569","1,598","1,660","1,749","1,808","1,869","1,999","2,061","2,095","1,499","1,867","2,343","2,430","2,523","2,632","2,753","2,879","3,003","3,124"
saint vincent and the grenadines,21,23,32,35,38,38,37,43,54,63,89,110,123,132,146,157,173,189,216,232,259,275,300,309,312,341,358,375,403,421,427,461,488,508,549,580,643,713,731,714,720,713,727,766,771,786,814,844,884,910,864,888,970,"1,071","1,162","1,242","1,303","1,365","1,430","1,497"
sudan,"1,234","1,339","1,659","2,134","2,600","3,242","4,043","4,751","5,112","5,646","9,095","6,530","4,748","6,485","7,992","5,547","7,400","11,964","9,551","16,853","2,245","2,528","3,100","5,246","5,961","6,694","8,377","10,241","10,924","10,714","13,134","15,716","18,137","21,355","26,646","35,183","45,264","59,440","64,833","54,812","65,716","66,448","48,948","52,892","60,726","64,534","64,888","48,906","33,590","31,484","35,237","35,142","33,517","36,998","28,270","31,506","36,362","42,730","47,008","50,616"
suriname,356,389,424,465,562,638,693,879,"1,008","1,072","1,276","1,427","1,469","1,419","1,387","1,402","1,430","1,573","1,864","2,177",577,637,590,465,523,993,"1,234","1,322","1,588","1,308","1,355","1,167","1,474","1,729","2,000","2,393","2,812","3,144","3,783","4,150","4,677","4,735","5,332","5,510","5,612","5,126","3,317","3,592","3,996","4,016","2,912","3,084","3,631","3,445","4,458","4,506","4,685","4,966","8,743","11,815"
sweden,"35,404","38,633","45,499","55,213","61,354","77,036","83,056","87,801","97,072","114,679","139,571","127,406","112,404","103,289","107,628","112,593","148,766","180,937","204,691","215,436","258,395","270,629","281,588","212,646","228,703","267,054","291,954","268,252","270,891","274,319","262,904","242,498","267,373","334,074","384,548","391,691","422,528","490,052","514,617","434,313","492,753","570,541","549,742","584,128","577,730","501,698","514,218","536,084","551,312","532,169","545,148","637,187","579,896","585,490","610,118","620,297","649,462","677,464","704,540","732,485"
switzerland,"22,953","27,583","33,831","45,496","52,433","60,111","62,874","67,152","93,912","105,563","122,466","112,129","114,891","114,517","109,400","110,965","159,074","199,086","215,360","208,135","265,911","269,003","279,764","272,006","301,246","353,094","340,241","294,824","303,238","297,581","279,305","286,780","309,579","362,132","403,461","418,265","441,898","491,075","566,938","553,873","598,339","715,864","686,553","706,748","726,634","693,805","687,771","695,544","725,910","721,867","741,288","814,699","828,522","894,867","936,738","947,125","990,523","1,028,968","1,074,152","1,113,974"
syria,"1,756","2,063","2,381","2,550","4,090","5,311","6,388","6,991","8,384","10,077","12,980","16,652","17,415","18,649","19,171","21,177","25,428","32,497","16,538","9,849","12,303","12,738","13,263","13,796","15,105","16,556","17,761","16,573","16,144","16,785","19,861","20,979","22,758","21,702","25,204","28,881","33,824","40,488","52,631","53,939","60,043","60,043","60,043","60,043","60,043","60,043","60,043","60,043","60,043","60,043","60,043","60,043","60,043","60,043","60,043","60,043","60,043","60,043","60,043","60,043"
taiwan,NA,NA,NA,NA,NA,NA,NA,NA,NA,NA,"42,285","48,969","49,535","54,148","61,071","63,617","78,195","105,039","126,473","152,704","166,622","187,140","222,911","236,339","256,247","279,059","292,494","303,284","279,964","303,830","330,680","299,276","307,439","317,381","346,924","374,060","386,450","406,907","415,901","390,829","444,281","483,974","495,610","512,943","535,328","534,515","543,081","591,687","610,690","613,512","676,861","776,965","765,624","757,335","782,441","804,889","848,398","888,670","920,008","940,950"
tajikistan,NA,NA,NA,NA,NA,NA,NA,NA,NA,NA,NA,NA,NA,NA,NA,NA,NA,NA,NA,NA,NA,NA,291,678,829,569,"1,052","1,121","1,320","1,087",991,"1,057","1,212","1,555","2,073","2,311","2,811","3,712","5,135","4,977","5,642","6,523","7,592","8,506","9,242","7,857","6,994","7,535","7,762","8,301","8,134","8,934","10,493","11,854","13,544","14,836","16,084","17,492","18,968","20,570"
tanzania,"1,906","2,039","2,321","2,770","3,326","3,829","4,147","4,955","5,934","6,282","10,873","13,005","14,932","15,294","13,915","12,556","15,874","7,821","7,474","6,444","5,172","6,019","5,588","5,170","5,478","6,382","7,889","9,341","11,481","11,777","12,369","12,610","13,123","14,159","15,576","17,174","18,878","21,810","27,779","29,301","31,860","34,369","39,650","45,677","49,982","47,424","49,774","54,000","54,775","58,797","63,373","67,964","74,173","79,138","80,171","85,977","93,523","102,391","112,264","123,055"
thailand,"7,374","7,676","8,509","11,280","14,261","15,489","17,677","20,585","24,984","28,483","33,422","35,999","37,799","41,366","43,179","40,185","44,520","52,204","63,704","74,637","88,467","101,247","115,576","128,889","146,684","169,279","183,035","150,180","113,676","126,669","126,392","120,296","134,301","152,281","172,896","189,318","221,758","262,943","291,383","281,711","341,105","370,819","397,558","420,334","407,339","401,296","413,366","456,357","506,754","543,977","500,462","506,195","495,645","515,906","526,411","546,224","556,756","573,857","593,755","616,061"
timor-leste,NA,NA,NA,NA,NA,NA,NA,NA,NA,NA,NA,NA,NA,NA,NA,NA,NA,NA,NA,NA,NA,NA,NA,NA,NA,NA,NA,NA,NA,NA,367,477,470,490,441,462,454,543,648,727,882,"1,042","1,160","1,396","1,448","1,590","1,640","1,585","1,556","2,033","2,163","3,625","3,209","2,080","2,015","2,115","2,246","2,338","2,483","2,634"
togo,265,298,347,406,543,599,570,687,851,"1,016","1,994","1,656","1,396","1,330","1,222","1,281","1,795","2,107","2,345","2,302","2,772","2,740","2,873","2,189","1,697","2,240","2,448","2,494","2,361","2,370","2,014","2,000","2,301","2,854","3,048","3,080","3,173","3,760","4,578","4,717","4,750","5,421","5,417","6,022","6,395","5,756","6,069","6,385","7,033","6,993","7,400","8,338","8,144","9,081","9,776","10,023","10,760","11,570","12,443","13,392"
tonga,17,19,23,34,46,43,39,45,54,58,71,79,79,77,81,76,90,98,115,139,144,169,178,183,189,207,218,222,212,197,203,181,183,202,231,262,292,299,344,312,367,415,427,452,441,438,421,460,481,494,503,520,515,512,539,568,591,617,640,662
trinidad and tobago,822,897,"1,084","1,309","2,042","2,443","2,501","3,139","3,563","4,603","6,343","7,113","8,280","7,898","7,891","7,503","4,877","4,880","4,574","4,397","5,155","5,399","5,533","4,656","5,032","5,421","5,859","5,837","6,148","6,926","8,295","8,960","9,148","11,464","13,472","16,170","18,600","21,937","28,193","19,520","22,522","25,789","27,147","28,561","29,474","26,841","23,624","23,848","23,889","23,588","20,991","24,177","28,510","25,489","25,524","26,467","26,885","27,439","28,421","29,412"
tunisia,"1,588","1,859","2,468","3,012","3,912","4,775","4,973","5,637","6,584","7,930","9,566","9,223","8,900","9,202","9,054","9,245","9,910","10,663","11,073","11,069","14,133","14,897","17,809","16,724","17,886","20,616","22,324","21,762","22,870","24,066","22,524","23,146","24,274","28,797","32,710","33,851","36,059","40,819","47,039","45,593","46,210","48,122","47,311","48,681","50,273","45,779","44,360","42,167","42,687","41,905","42,494","46,813","44,596","48,541","53,063","56,291","57,875","58,656","59,967","61,078"
turkey,"24,444","23,057","28,975","36,385","50,191","62,735","71,763","81,839","90,347","123,319","96,596","97,865","88,918","84,968","82,642","92,827","102,337","118,926","125,032","147,727","207,508","208,402","219,176","248,573","179,359","233,566","250,486","261,857","277,599","254,024","273,118","202,558","238,150","316,540","407,024","504,800","552,332","682,992","782,851","651,513","777,443","837,924","877,681","958,088","939,924","867,054","869,204","859,020","797,707","760,388","717,114","807,893","905,800","1,130,062","1,322,405","1,437,406","1,401,458","1,475,475","1,585,498","1,682,488"
turkmenistan,NA,NA,NA,NA,NA,NA,NA,NA,NA,NA,NA,NA,NA,NA,NA,NA,NA,NA,NA,NA,NA,NA,"1,625","9,169","7,765","10,043","4,068","4,584","4,893","6,595","8,587","11,855","14,875","19,533","24,272","29,363","36,577","44,388","36,788","34,562","35,164","44,413","50,252","50,863","56,204","44,944","42,876","45,902","49,299","53,035","52,385","60,934","77,963","77,876","82,515","89,054","97,017","106,069","116,075","127,144"
tuvalu,3,3,3,4,4,4,4,4,4,4,NA,NA,NA,NA,NA,NA,NA,NA,NA,NA,NA,NA,NA,NA,NA,NA,NA,NA,NA,NA,15,14,17,20,23,23,24,29,32,28,33,40,39,39,39,37,41,45,48,54,52,62,61,63,65,65,67,70,73,76
uganda,"1,316","1,456","1,582","1,851","2,242","2,524","2,668","2,876","2,955","2,801","7,486","12,120","8,410","9,619","7,399","6,771","6,746","10,878","11,268","9,136","7,452","3,897","3,645","4,311","6,240","7,473","7,713","8,407","8,230","7,823","7,756","7,835","8,425","8,725","10,750","12,460","14,079","17,512","22,419","24,107","24,683","27,501","30,939","32,331","34,754","30,122","30,232","31,589","34,126","37,895","37,889","42,805","47,276","51,934","56,453","64,277","71,421","78,775","85,883","94,837"
ukraine,NA,NA,NA,NA,NA,NA,NA,NA,NA,NA,NA,NA,NA,NA,NA,NA,NA,NA,NA,NA,NA,NA,"22,193","35,025","38,012","38,275","46,083","51,867","43,315","32,661","32,331","37,863","42,339","50,096","64,747","85,996","107,767","143,260","181,313","117,079","136,011","163,059","175,781","183,310","133,392","90,922","93,349","112,064","130,905","153,904","156,566","199,835","161,987","178,763","190,426","205,742","220,408","234,821","250,078","266,307"
united arab emirates,"1,053","1,443","2,173","4,213","11,617","14,721","19,213","24,872","23,776","31,226","41,725","46,461","43,205","39,588","39,245","38,519","30,526","33,519","34,069","39,325","50,682","49,300","51,952","52,144","57,395","63,432","72,853","77,167","75,304","84,420","102,987","103,312","109,816","124,346","147,812","180,616","222,117","257,883","315,464","253,547","300,189","360,833","384,610","400,219","414,105","370,276","369,255","390,517","427,049","417,990","349,473","415,179","502,732","514,130","537,079","548,598","577,424","614,689","654,065","695,217"
united kingdom,"124,970","141,314","162,369","183,201","197,882","236,514","227,217","256,596","325,244","422,476","604,697","588,342","559,326","532,925","504,939","537,200","655,035","814,102","989,706","1,007,623","1,197,021","1,248,625","1,289,587","1,155,162","1,241,720","1,344,504","1,421,099","1,561,239","1,653,852","1,688,248","1,668,690","1,650,252","1,788,549","2,056,294","2,422,619","2,546,038","2,712,257","3,091,695","2,960,390","2,421,476","2,487,924","2,664,719","2,707,571","2,786,665","3,066,304","2,928,558","2,699,086","2,682,384","2,875,024","2,853,074","2,698,705","3,144,079","3,125,404","3,371,118","3,644,636","3,839,180","4,040,844","4,239,513","4,457,367","4,701,933"
united states,"1,024,800","1,113,100","1,225,000","1,369,300","1,485,900","1,623,400","1,809,100","2,013,600","2,276,000","2,543,500","2,857,325","3,207,025","3,343,800","3,634,025","4,037,650","4,339,000","4,579,625","4,855,250","5,236,425","5,641,600","5,963,125","6,158,125","6,520,325","6,858,550","7,287,250","7,639,750","8,073,125","8,577,550","9,062,825","9,631,175","10,250,950","10,581,925","10,929,100","11,456,450","12,217,175","13,039,200","13,815,600","14,474,250","14,769,850","14,478,050","15,048,975","15,599,725","16,253,950","16,880,675","17,608,125","18,295,000","18,804,900","19,612,100","20,656,525","21,539,975","21,354,125","23,681,175","26,006,900","27,720,725","29,184,900","30,507,217","31,717,641","32,941,710","34,342,132","35,712,824"
uruguay,"2,538","3,049","2,450","3,129","4,334","3,825","4,007","4,488","5,377","7,698","12,217","13,636","11,147","6,119","5,819","5,686","7,059","8,832","9,137","9,630","11,204","13,502","15,515","18,064","21,040","23,267","24,730","26,155","27,704","26,178","24,892","22,802","14,863","13,159","14,959","18,986","21,416","25,603","33,151","34,565","43,967","52,354","55,938","62,857","62,546","58,218","57,580","65,068","65,370","62,229","53,557","60,742","70,600","77,997","80,961","79,731","85,164","90,702","96,223","101,236"
uzbekistan,NA,NA,NA,NA,NA,NA,NA,NA,NA,NA,NA,NA,NA,NA,NA,NA,NA,NA,NA,NA,NA,NA,"4,476","6,897","8,175","12,746","17,453","18,433","18,738","21,362","17,195","14,581","12,106","12,697","15,045","17,939","21,344","27,963","35,858","41,945","49,772","60,213","67,520","73,192","80,848","85,662","85,658","69,703","58,696","67,294","66,443","77,340","90,125","102,634","114,962","132,484","148,177","164,155","181,768","201,530"
vanuatu,38,41,55,67,67,81,78,82,100,132,121,114,114,117,144,132,128,139,158,154,169,201,209,200,234,249,261,273,262,268,272,257,262,315,365,390,435,517,582,590,652,738,736,755,775,774,798,880,928,930,"1,008",921,"1,072","1,158","1,206","1,267","1,335","1,400","1,463","1,529"
venezuela,"13,830","15,190","16,730","19,926","30,530","32,125","36,751","42,355","45,987","56,508","69,841","78,367","79,998","79,672","57,826","59,865","60,877","46,854","60,378","44,672","48,391","53,382","60,400","59,865","58,357","77,427","70,536","85,684","91,836","97,517","117,596","123,119","95,258","83,684","112,254","143,375","178,521","232,857","306,764","268,624","318,281","316,482","372,592","258,931","214,690","125,449","112,915","115,883","102,021","73,014","42,838","56,615","89,013","102,377","119,808","108,511","101,020","101,020","101,020","101,020"
vietnam,"2,775","3,024","3,237","3,350","3,605","3,896","4,541","5,413","6,532","7,140","35,357","17,617","23,369","35,204","61,171","19,045","43,009","53,385","29,501","7,991","8,217","9,704","12,528","16,736","20,712","26,407","31,352","34,146","34,580","36,444","39,585","41,297","44,563","50,233","62,877","73,197","84,301","98,426","124,756","129,022","143,212","171,312","195,169","212,728","232,888","236,795","252,146","277,071","304,470","331,818","346,310","370,076","411,068","433,008","459,472","490,970","518,999","553,437","589,412","626,910"
palestine,177,204,295,368,577,579,680,700,728,846,NA,NA,NA,NA,NA,NA,NA,NA,NA,NA,NA,NA,NA,NA,"2,843","3,283","3,410","3,760","4,068","4,271","4,314","4,004","3,556","3,968","4,603","5,126","5,348","5,816","7,310","8,086","9,682","11,186","12,208","13,516","13,990","13,972","15,405","16,128","16,277","17,134","15,532","18,109","19,166","17,848","17,848","17,848","17,848","17,848","17,848","17,848"
yemen,NA,NA,NA,NA,NA,NA,NA,NA,NA,NA,NA,NA,NA,NA,NA,NA,NA,NA,NA,NA,"12,644","14,665","17,959","21,737","28,019","12,796","6,496","6,838","6,322","7,639","9,679","9,853","10,693","11,778","13,868","16,732","19,063","21,651","26,911","25,130","30,907","32,726","35,401","40,415","43,229","42,444","31,318","26,842","21,606","21,888","20,220","19,394","23,534","19,412","19,101","17,401","17,285","18,762","21,713","23,602"
zambia,"1,544","1,574","1,852","2,350","2,895","2,658","2,814","2,767","3,098","3,827","4,246","4,385","4,232","3,653","3,003","2,848","1,962","2,431","4,095","4,365","4,085","3,690","3,614","3,549","3,657","3,799","3,599","4,303","3,538","3,405","3,601","3,870","4,194","4,902","6,221","8,329","12,762","14,060","17,914","15,332","20,264","23,455","25,502","28,042","27,145","21,245","20,965","25,874","26,312","23,309","18,138","22,096","29,164","27,578","26,326","28,910","34,237","40,161","43,668","47,092"
zimbabwe,"2,023","2,339","2,888","3,552","4,274","4,692","4,637","4,683","4,686","5,559",NA,NA,NA,NA,NA,NA,NA,NA,NA,NA,"10,143","9,450","7,793","7,569","7,959","8,263","10,117","10,386","12,099","11,768","11,340","11,243","10,734","9,573","9,465","9,045","8,141","7,784","6,707","9,666","12,042","14,102","17,115","19,091","19,496","19,963","20,549","22,040","36,922","26,033","26,878","36,016","32,613","35,144","35,224","38,172","39,491","40,925","42,340","43,836"
